# Blender 4.4.0
# www.blender.org
mtllib fogata.mtl
o Support
v 2.848469 0.292599 1.835324
v 2.837910 0.288745 1.822237
v 2.785196 0.005740 1.941830
v 2.894536 0.566906 1.693769
v 2.801588 0.011724 1.962148
v 2.905896 0.571053 1.707849
v 2.791924 0.023692 1.984074
v 2.899199 0.579346 1.723043
v 2.765867 0.029676 1.985681
v 2.881142 0.583492 1.724157
v 2.749475 0.023692 1.965363
v 2.869783 0.579346 1.710077
v 2.759139 0.011724 1.943437
v 2.876480 0.571053 1.694883
v 2.842244 0.300308 1.849447
v 2.825460 0.304162 1.850482
v 2.814902 0.300308 1.837395
v 2.821127 0.292599 1.823272
v 2.931566 0.297004 1.730125
v 2.921042 0.300678 1.716958
v 2.978056 0.022844 1.587611
v 2.867984 0.583130 1.837331
v 2.994394 0.017139 1.608053
v 2.879306 0.579177 1.851497
v 2.984621 0.005730 1.630226
v 2.872533 0.571271 1.866862
v 2.958509 0.000025 1.631958
v 2.854439 0.567317 1.868062
v 2.942171 0.005730 1.611516
v 2.843117 0.571271 1.853896
v 2.951945 0.017139 1.589342
v 2.849890 0.579177 1.838531
v 2.925271 0.289655 1.744408
v 2.908452 0.285980 1.745523
v 2.897928 0.289655 1.732355
v 2.904223 0.297004 1.718073
v 3.498128 0.292599 2.121683
v 3.514912 0.288745 2.120647
v 3.462198 0.005740 2.240241
v 3.571538 0.566906 1.992180
v 3.436141 0.011724 2.241848
v 3.553482 0.571053 1.993294
v 3.426476 0.023692 2.263774
v 3.546785 0.579346 2.008488
v 3.442869 0.029676 2.284092
v 3.558144 0.583492 2.022568
v 3.468926 0.023692 2.282485
v 3.576201 0.579346 2.021454
v 3.478590 0.011724 2.260559
v 3.582898 0.571053 2.006260
v 3.491903 0.300308 2.135806
v 3.502462 0.304162 2.148893
v 3.519246 0.300308 2.147858
v 3.525471 0.292599 2.133735
v 3.519721 0.297004 1.989374
v 3.536540 0.300678 1.988259
v 3.593554 0.022844 1.858912
v 3.483482 0.583130 2.108632
v 3.567442 0.017139 1.860643
v 3.465387 0.579177 2.109832
v 3.557669 0.005730 1.882816
v 3.458615 0.571271 2.125197
v 3.574007 0.000025 1.903258
v 3.469936 0.567317 2.139362
v 3.600118 0.005730 1.901527
v 3.488030 0.571271 2.138163
v 3.609892 0.017139 1.879354
v 3.494803 0.579177 2.122797
v 3.513425 0.289655 2.003656
v 3.523949 0.285980 2.016824
v 3.540768 0.289655 2.015708
v 3.547064 0.297004 2.001426
v 3.190732 0.497879 1.917231
v 3.194277 0.512772 1.909276
v 2.656097 0.518569 1.659285
v 3.736700 0.506916 2.149291
v 2.650593 0.495448 1.671635
v 3.732886 0.490894 2.157849
v 2.640108 0.495592 1.696286
v 3.725620 0.490994 2.174931
v 2.635126 0.518858 1.708587
v 3.722168 0.507116 2.183455
v 2.640630 0.541979 1.696237
v 3.725982 0.523138 2.174897
v 2.651116 0.541835 1.671586
v 3.733248 0.523039 2.157815
v 3.183978 0.497972 1.933110
v 3.180769 0.512958 1.941033
v 3.184314 0.527851 1.933078
v 3.191068 0.527758 1.917200
v 3.193584 0.538457 1.932482
v 3.176677 0.525631 1.970840
v 3.162344 0.489107 2.003358
v 3.152766 0.434444 2.025085
v 3.149403 0.369964 2.032715
v 3.230334 0.437398 1.849109
v 3.233362 0.379346 1.842239
v 3.153807 0.379346 2.022724
v 3.193584 0.531044 1.932482
v 3.156835 0.437398 2.015855
v 3.165458 0.486612 1.996293
v 3.178362 0.519496 1.967016
v 3.237766 0.369964 1.832248
v 3.234403 0.434444 1.839878
v 3.224825 0.489107 1.861606
v 3.210492 0.525631 1.894124
v 3.221711 0.486612 1.868671
v 3.208807 0.519496 1.897948
v 3.187461 0.538457 1.929783
v 3.170554 0.525631 1.968141
v 3.156221 0.489107 2.000659
v 3.146643 0.434444 2.022387
v 3.143280 0.369964 2.030016
v 3.224211 0.437398 1.846410
v 3.227239 0.379346 1.839540
v 3.147684 0.379346 2.020025
v 3.187461 0.531044 1.929783
v 3.150712 0.437398 2.013156
v 3.159335 0.486612 1.993594
v 3.172239 0.519496 1.964317
v 3.231643 0.369964 1.829549
v 3.228280 0.434444 1.837179
v 3.218702 0.489107 1.858907
v 3.204369 0.525631 1.891425
v 3.215588 0.486612 1.865972
v 3.202683 0.519496 1.895249
v 3.366604 0.009033 1.895742
v 3.383212 0.066078 1.908122
v 3.464557 0.001536 1.952350
v 3.449632 0.056033 1.950642
v 3.334564 0.016930 1.998582
v 3.349732 0.052881 1.998364
v 3.405098 0.016930 2.036514
v 3.420262 0.062412 2.016712
v 3.423810 0.011546 1.917176
v 3.369322 0.042157 1.896563
v 3.423810 0.071463 1.917176
v 3.463920 0.035289 1.945095
v 3.437150 0.011546 1.995440
v 3.446215 0.073414 1.989608
v 3.412512 0.036281 2.027588
v 3.364501 0.011546 2.027460
v 3.384039 0.068269 2.022589
v 3.334554 0.043611 2.009810
v 3.351160 0.011546 1.949196
v 3.351160 0.071463 1.949196
v 3.423963 0.039737 1.919452
v 3.443666 0.047980 2.004955
v 3.355099 0.035849 2.049598
v 3.341729 0.037906 1.941084
v 3.394155 0.005834 1.972318
v 3.395355 0.092539 1.968704
v 3.253951 0.017392 2.156693
v 3.260093 0.063504 2.145829
v 3.284043 0.016136 2.093709
v 3.279266 0.059317 2.080749
v 3.308454 0.014122 2.187985
v 3.318406 0.049435 2.168088
v 3.358309 0.020150 2.120531
v 3.322622 0.049709 2.120232
v 3.257655 0.012089 2.118651
v 3.241630 0.041443 2.159465
v 3.255814 0.069446 2.104194
v 3.272176 0.036325 2.086355
v 3.311140 0.018630 2.103311
v 3.302557 0.059644 2.106078
v 3.336461 0.037064 2.119743
v 3.339162 0.018630 2.155421
v 3.324850 0.059737 2.145380
v 3.327794 0.042527 2.178699
v 3.256840 0.012633 2.179351
v 3.281792 0.063283 2.169892
v 3.248959 0.034000 2.107094
v 3.317830 0.045783 2.097915
v 3.334403 0.042951 2.165946
v 3.276315 0.038275 2.177372
v 3.297532 0.006948 2.134439
v 3.285933 0.067785 2.140518
v 3.135389 0.019134 2.172808
v 3.145587 0.055136 2.168273
v 3.161983 0.018024 2.117144
v 3.167222 0.041294 2.118282
v 3.196233 0.021275 2.207319
v 3.192352 0.047452 2.182879
v 3.238106 -0.013032 2.152555
v 3.199634 0.038717 2.146461
v 3.138662 0.014448 2.139188
v 3.104809 0.026051 2.165454
v 3.150253 0.042785 2.145167
v 3.151496 0.035866 2.110645
v 3.185931 0.020228 2.125630
v 3.178345 0.056475 2.128076
v 3.231210 0.038131 2.141986
v 3.215057 -0.001362 2.187349
v 3.188872 0.048354 2.160633
v 3.195787 0.041347 2.188449
v 3.135592 0.019649 2.188111
v 3.150394 0.056272 2.179043
v 3.126335 0.031019 2.125039
v 3.214429 0.042019 2.114364
v 3.206490 0.041722 2.180986
v 3.143816 0.027255 2.188514
v 3.173904 0.009904 2.153140
v 3.163653 0.063670 2.158513
v 3.065922 0.012458 1.869432
v 3.065716 0.063112 1.851040
v 3.076481 0.005802 1.769529
v 3.069906 0.054193 1.781136
v 2.975352 0.019471 1.838683
v 2.983436 0.051394 1.827908
v 2.984986 0.019471 1.768224
v 3.007128 0.059858 1.767688
v 3.080434 0.014689 1.817164
v 3.066753 0.041871 1.867052
v 3.080434 0.067894 1.817164
v 3.081356 0.035773 1.773779
v 3.031224 0.014689 1.766682
v 3.040149 0.069627 1.763223
v 2.995269 0.036654 1.767567
v 2.970268 0.014689 1.802099
v 2.983976 0.065058 1.790619
v 2.967286 0.043163 1.832822
v 3.019478 0.014689 1.852581
v 3.019478 0.067894 1.852581
v 3.078881 0.039723 1.815864
v 3.027800 0.047042 1.757032
v 2.949462 0.036270 1.797277
v 3.020372 0.038096 1.863591
v 3.025351 0.009617 1.809632
v 3.028573 0.086609 1.810659
v 2.979663 -0.005490 2.018212
v 2.991934 0.037783 2.034304
v 3.008658 0.025623 1.962845
v 3.028849 0.061260 1.982279
v 2.921210 0.012840 2.003801
v 2.936152 0.051734 2.006240
v 2.942502 0.061487 1.938593
v 2.970041 0.066450 1.975530
v 3.005444 0.001939 1.990478
v 2.989330 0.006665 2.040499
v 3.027350 0.050964 2.015355
v 3.025103 0.037494 1.976671
v 2.984835 0.039587 1.954468
v 2.995050 0.067424 1.984205
v 2.959622 0.063725 1.960178
v 2.927612 0.041146 1.969427
v 2.951184 0.069291 1.994877
v 2.921028 0.048432 2.003275
v 2.959780 -0.013596 2.027341
v 2.960000 0.042982 2.036077
v 3.023405 0.017962 2.000964
v 2.989378 0.066445 1.962782
v 2.926691 0.055554 1.992154
v 2.953476 0.017966 2.029521
v 2.967628 0.014951 1.974155
v 2.980567 0.056339 2.018790
v 2.988367 0.013790 2.062076
v 3.002671 0.064318 2.068463
v 3.025577 0.012232 2.140255
v 3.032932 0.044892 2.138669
v 3.073832 0.016794 2.013767
v 3.068335 0.053535 2.048060
v 3.132488 -0.031354 2.090714
v 3.078480 0.041275 2.099188
v 2.992893 0.007213 2.109269
v 2.945435 0.023498 2.072335
v 3.009172 0.046985 2.100902
v 3.010845 0.037274 2.149354
v 3.059205 0.015326 2.128395
v 3.048563 0.066197 2.124947
v 3.122787 0.040452 2.105533
v 3.100210 -0.014975 2.041835
v 3.063406 0.054800 2.079276
v 3.073168 0.044966 2.040250
v 2.988685 0.014513 2.040600
v 3.009440 0.065912 2.053358
v 2.975563 0.030471 2.129102
v 3.099178 0.045909 2.144266
v 3.088173 0.045492 2.050747
v 3.000228 0.025188 2.040052
v 3.042383 0.000836 2.089760
v 3.028006 0.076296 2.082198
v 3.324973 0.049358 2.028613
v 3.336890 0.072823 2.052247
v 3.311800 0.023677 2.088059
v 3.328533 0.051689 2.092627
v 3.379878 0.022885 2.044337
v 3.382467 0.039939 2.059158
v 3.370446 0.007923 2.087534
v 3.367195 0.035725 2.098958
v 3.314088 0.041346 2.061585
v 3.331744 0.065270 2.037355
v 3.327464 0.070813 2.074712
v 3.316608 0.042551 2.093128
v 3.341230 0.016519 2.089658
v 3.349473 0.048336 2.105767
v 3.368520 0.019863 2.092699
v 3.379872 0.009933 2.065069
v 3.383665 0.038443 2.085156
v 3.390406 0.032533 2.053321
v 3.352729 0.034760 2.036995
v 3.366106 0.064227 2.050122
v 3.321254 0.054500 2.068470
v 3.350938 0.031196 2.103314
v 3.397620 0.015464 2.072249
v 3.358638 0.050665 2.036144
v 3.345705 0.022831 2.062075
v 3.363168 0.066535 2.080614
v 3.398304 0.017392 1.829200
v 3.394428 0.063504 1.841064
v 3.372113 0.016136 1.893904
v 3.359325 0.059317 1.899121
v 3.458172 0.014122 1.848321
v 3.450199 0.049435 1.869090
v 3.442015 0.020150 1.930629
v 3.417718 0.049709 1.904488
v 3.372722 0.012089 1.857599
v 3.392038 0.041443 1.818236
v 3.360809 0.069446 1.865993
v 3.358680 0.036325 1.890106
v 3.397482 0.018630 1.907429
v 3.393734 0.059644 1.899225
v 3.426693 0.037064 1.915033
v 3.454852 0.018630 1.892957
v 3.437784 0.059737 1.889166
v 3.464365 0.042527 1.868862
v 3.416978 0.012633 1.816047
v 3.426830 0.063283 1.840847
v 3.358325 0.034000 1.858977
v 3.398012 0.045783 1.916007
v 3.459410 0.042951 1.882344
v 3.428656 0.038275 1.831758
v 3.411278 0.006948 1.876383
v 3.407940 0.067785 1.863720
v 3.327021 0.019678 1.740828
v 3.330409 0.054201 1.750981
v 3.304825 0.018613 1.795663
v 3.309020 0.040928 1.798635
v 3.390811 0.021731 1.761570
v 3.371001 0.046833 1.774634
v 3.379136 -0.011167 1.826638
v 3.349934 0.038457 1.803348
v 3.305341 0.015184 1.764896
v 3.302033 0.026311 1.723941
v 3.317072 0.042358 1.769232
v 3.293440 0.035723 1.792444
v 3.326324 0.020727 1.807125
v 3.323148 0.055485 1.800173
v 3.367194 0.037894 1.828594
v 3.388853 0.000024 1.787814
v 3.353003 0.047698 1.786563
v 3.377166 0.040979 1.773462
v 3.337985 0.020172 1.731073
v 3.341141 0.055290 1.747416
v 3.287351 0.031075 1.765324
v 3.336786 0.041623 1.834585
v 3.378807 0.041338 1.785866
v 3.343590 0.027466 1.736633
v 3.338017 0.010827 1.780815
v 3.335188 0.062385 1.770083
v 2.942134 0.098650 1.878216
v 2.927146 0.048341 1.890406
v 2.995509 0.072675 1.959534
v 2.968721 0.032692 1.945272
v 3.014846 0.049076 1.840096
v 2.999607 0.020617 1.852682
v 3.048700 0.027494 1.898794
v 3.014239 0.000433 1.912998
v 2.961342 0.083365 1.926640
v 2.928090 0.072730 1.879779
v 2.934464 0.037470 1.925268
v 2.974787 0.050086 1.958880
v 3.021998 0.047710 1.931067
v 2.990424 0.002302 1.938199
v 3.033723 0.016139 1.905734
v 3.041382 0.038365 1.863933
v 3.013578 -0.004232 1.880337
v 3.011445 0.023653 1.838422
v 2.980726 0.074021 1.859506
v 2.953848 0.028125 1.858134
v 2.950443 0.060750 1.925916
v 3.013368 0.015139 1.935091
v 3.046721 0.010548 1.852999
v 2.962054 0.058065 1.851339
v 3.003924 0.065241 1.895417
v 2.962354 0.000351 1.894830
v 3.106481 0.017392 1.774580
v 3.096320 0.063504 1.767332
v 3.046999 0.016136 1.738049
v 3.033609 0.059317 1.741441
v 3.143315 0.014122 1.723658
v 3.124571 0.049435 1.711675
v 3.081460 0.020150 1.667005
v 3.077420 0.049709 1.702464
v 3.069036 0.012089 1.766907
v 3.107945 0.041443 1.787123
v 3.054466 0.069446 1.767222
v 3.038441 0.036325 1.749079
v 3.059388 0.018630 1.712108
v 3.061240 0.059644 1.720935
v 3.078385 0.037064 1.688650
v 3.114150 0.018630 1.689704
v 3.102663 0.059737 1.702885
v 3.136107 0.042527 1.703451
v 3.129317 0.012633 1.774082
v 3.122526 0.063283 1.748276
v 3.056631 0.034000 1.774343
v 3.054724 0.045783 1.704889
v 3.124118 0.042951 1.695541
v 3.129390 0.038275 1.754507
v 3.088918 0.006948 1.728905
v 3.093748 0.067785 1.741078
v 3.172980 0.064487 1.681743
v 3.167005 0.015200 1.689879
v 3.186720 0.058705 1.762738
v 3.182604 0.027102 1.762283
v 3.256951 0.030894 1.658385
v 3.231852 0.002117 1.687604
v 3.304827 0.059567 1.744694
v 3.232374 0.012978 1.737353
v 3.167737 0.071865 1.726354
v 3.130440 0.070476 1.680335
v 3.170555 0.030585 1.721696
v 3.163599 0.041766 1.766838
v 3.217416 0.044237 1.760063
v 3.192261 0.002150 1.753009
v 3.269175 -0.000325 1.754125
v 3.283397 0.052391 1.691449
v 3.219721 0.004575 1.715018
v 3.240710 0.007683 1.681837
v 3.178158 0.062378 1.662085
v 3.175908 0.010616 1.677639
v 3.140404 0.058043 1.739712
v 3.237815 0.004961 1.783731
v 3.250907 0.002990 1.695162
v 3.184667 0.049067 1.664162
v 3.217022 0.060184 1.720802
v 3.181506 -0.002860 1.708439
v 3.024038 0.026134 1.989519
v 3.139010 0.086209 1.917260
v 3.010550 0.028620 1.970126
v 3.126683 0.088481 1.899535
v 3.023041 0.008689 1.973430
v 3.138099 0.070264 1.902554
v 3.036528 0.006203 1.992823
v 3.150427 0.067991 1.920280
v 3.037525 0.023647 2.008913
v 3.151338 0.083936 1.934986
v 3.025034 0.043579 2.005609
v 3.139921 0.102153 1.931966
v 3.011547 0.046065 1.986216
v 3.127594 0.104426 1.914241
v 3.070923 0.058125 1.938147
v 3.080740 0.042460 1.940744
v 3.091341 0.040505 1.955986
v 3.092125 0.054217 1.968633
v 3.082307 0.069883 1.966036
v 3.071706 0.071837 1.950793
v 3.100383 0.073941 1.918398
v 3.110754 0.057392 1.921141
v 3.121952 0.055328 1.937242
v 3.122780 0.069812 1.950601
v 3.112409 0.086361 1.947858
v 3.101210 0.088425 1.931756
v 3.054066 0.028156 1.957147
v 3.064959 0.026148 1.972809
v 3.065763 0.040237 1.985802
v 3.055676 0.056333 1.983134
v 3.044784 0.058341 1.967473
v 3.043979 0.044253 1.954479
v 3.055054 0.030952 2.064956
v 3.199541 0.129995 1.925052
v 3.029921 0.031492 2.039382
v 3.176568 0.130489 1.901677
v 3.051980 0.003365 2.042251
v 3.196731 0.104780 1.904299
v 3.077114 0.002824 2.067825
v 3.219703 0.104286 1.927674
v 3.080188 0.030411 2.090529
v 3.222513 0.129501 1.948426
v 3.058129 0.058539 2.087660
v 3.202350 0.155210 1.945804
v 3.032995 0.059079 2.062087
v 3.179378 0.155704 1.922429
v 3.107543 0.080898 1.974903
v 3.124881 0.058790 1.977158
v 3.144636 0.058366 1.997259
v 3.147052 0.080049 2.015105
v 3.129714 0.102157 2.012849
v 3.109959 0.102582 1.992748
v 3.144203 0.106815 1.937195
v 3.162518 0.083461 1.939577
v 3.183386 0.083013 1.960811
v 3.185938 0.105918 1.979662
v 3.167623 0.129271 1.977280
v 3.146755 0.129720 1.956047
v 3.091320 0.035234 2.009100
v 3.111618 0.034798 2.029753
v 3.114100 0.057077 2.048089
v 3.096286 0.079792 2.045772
v 3.075988 0.080229 2.025119
v 3.073505 0.057950 2.006783
v 3.379421 0.019522 1.953237
v 3.277380 0.126668 1.965747
v 3.376095 0.013694 1.976022
v 3.274339 0.121340 1.986573
v 3.363095 0.003291 1.959082
v 3.262457 0.111832 1.971089
v 3.366421 0.009119 1.936298
v 3.265497 0.117159 1.950264
v 3.382748 0.025351 1.930452
v 3.280420 0.131995 1.944921
v 3.395748 0.035754 1.947392
v 3.292302 0.141503 1.960405
v 3.392421 0.029925 1.970177
v 3.289262 0.136176 1.981230
v 3.325786 0.068514 1.977401
v 3.315568 0.060337 1.964086
v 3.318182 0.064918 1.946178
v 3.331015 0.077676 1.941584
v 3.341233 0.085853 1.954898
v 3.338618 0.081272 1.972807
v 3.298962 0.096267 1.981680
v 3.288168 0.087629 1.967615
v 3.290930 0.092468 1.948698
v 3.304486 0.105945 1.943845
v 3.315279 0.114582 1.957909
v 3.312517 0.109743 1.976827
v 3.338870 0.035148 1.961313
v 3.341557 0.039855 1.942912
v 3.354742 0.052964 1.938191
v 3.365241 0.061365 1.951872
v 3.362554 0.056658 1.970273
v 3.349369 0.043550 1.974993
v 3.295690 0.039054 1.884529
v 3.235166 0.119056 1.994008
v 3.305766 0.058691 1.875750
v 3.244376 0.137004 1.985984
v 3.317362 0.045538 1.891772
v 3.254974 0.124981 2.000629
v 3.307286 0.025901 1.900551
v 3.245765 0.107034 2.008653
v 3.285614 0.019418 1.893307
v 3.225956 0.101108 2.002032
v 3.274018 0.032571 1.877285
v 3.215357 0.113130 1.987388
v 3.284094 0.052207 1.868507
v 3.224567 0.131078 1.979364
v 3.273348 0.094489 1.932369
v 3.282462 0.084151 1.944962
v 3.274542 0.068717 1.951862
v 3.257508 0.063621 1.946168
v 3.248394 0.073959 1.933575
v 3.256314 0.089393 1.926675
v 3.257971 0.116273 1.960601
v 3.267599 0.105353 1.973904
v 3.259233 0.089049 1.981192
v 3.241239 0.083666 1.975178
v 3.231611 0.094587 1.961875
v 3.239977 0.110890 1.954587
v 3.296961 0.065745 1.919739
v 3.288823 0.049887 1.926829
v 3.271321 0.044651 1.920979
v 3.261956 0.055273 1.908039
v 3.270094 0.071132 1.900950
v 3.287596 0.076367 1.906800
v 3.292187 0.011389 2.091979
v 3.187559 0.135957 1.973152
v 3.318485 0.016353 2.074027
v 3.211595 0.140494 1.956744
v 3.312413 0.035378 2.099318
v 3.206046 0.157883 1.979860
v 3.286116 0.030415 2.117270
v 3.182010 0.153346 1.996268
v 3.265890 0.006425 2.109930
v 3.163523 0.131420 1.989560
v 3.271961 -0.012600 2.084640
v 3.169072 0.114030 1.966444
v 3.298258 -0.007637 2.066688
v 3.193108 0.118567 1.950036
v 3.260542 0.077574 2.018456
v 3.255770 0.092528 2.038334
v 3.235101 0.088627 2.052444
v 3.219204 0.069771 2.046675
v 3.223976 0.054817 2.026797
v 3.244645 0.058719 2.012687
v 3.234354 0.110360 1.986596
v 3.229313 0.126156 2.007594
v 3.207479 0.122035 2.022499
v 3.190686 0.102117 2.016405
v 3.195727 0.086321 1.995407
v 3.217561 0.090442 1.980502
v 3.280462 0.064169 2.066039
v 3.259225 0.060161 2.080536
v 3.242890 0.040787 2.074609
v 3.247793 0.025422 2.054185
v 3.269031 0.029431 2.039687
v 3.285365 0.048805 2.045614
v 3.051224 0.024057 1.849226
v 3.173846 0.147685 1.906683
v 3.037581 0.044829 1.833648
v 3.161376 0.166671 1.892445
v 3.059135 0.029124 1.821440
v 3.181077 0.152316 1.881287
v 3.072779 0.008351 1.837018
v 3.193548 0.133330 1.895525
v 3.064868 0.003284 1.864804
v 3.186317 0.128699 1.920921
v 3.043313 0.018990 1.877012
v 3.166616 0.143054 1.932080
v 3.029670 0.039762 1.861434
v 3.154145 0.162040 1.917841
v 3.101812 0.102198 1.865711
v 3.118753 0.089853 1.856115
v 3.129477 0.073527 1.868359
v 3.123259 0.069544 1.890198
v 3.106318 0.081889 1.899794
v 3.095594 0.098215 1.887550
v 3.133265 0.135438 1.880042
v 3.151161 0.122398 1.869906
v 3.162489 0.105151 1.882840
v 3.155921 0.100944 1.905909
v 3.138024 0.113984 1.916045
v 3.126696 0.131231 1.903112
v 3.090498 0.061304 1.842196
v 3.101517 0.044528 1.854776
v 3.095128 0.040436 1.877215
v 3.077720 0.053120 1.887074
v 3.066702 0.069895 1.874494
v 3.073091 0.073987 1.852055
v 3.294213 0.021022 1.783637
v 3.195613 0.119696 1.905133
v 3.283127 0.037215 1.761489
v 3.185481 0.134496 1.884890
v 3.308111 0.045647 1.774916
v 3.208316 0.142204 1.897162
v 3.319197 0.029455 1.797064
v 3.218449 0.127403 1.917405
v 3.305299 0.004830 1.805784
v 3.205746 0.104896 1.925376
v 3.280314 -0.003603 1.792357
v 3.182910 0.097188 1.913103
v 3.269229 0.012590 1.770209
v 3.172777 0.111989 1.892860
v 3.236200 0.083086 1.826977
v 3.255837 0.089714 1.837531
v 3.264550 0.076987 1.854938
v 3.253626 0.057632 1.861792
v 3.233989 0.051004 1.851239
v 3.225276 0.063731 1.833831
v 3.209932 0.109600 1.857759
v 3.230676 0.116601 1.868907
v 3.239880 0.103157 1.887296
v 3.228340 0.082711 1.894536
v 3.207597 0.075710 1.883388
v 3.198392 0.089154 1.864999
v 3.278994 0.067372 1.809177
v 3.287947 0.054295 1.827063
v 3.276723 0.034408 1.834106
v 3.256546 0.027598 1.823262
v 3.247593 0.040675 1.805376
v 3.258817 0.060562 1.798334
v 3.212444 0.072211 1.898423
v 3.226317 0.073614 1.866948
v 3.239103 0.064784 1.837941
v 3.250310 0.041080 1.812516
v 3.259507 0.039060 1.791650
v 3.266341 0.033443 1.776145
v 3.270550 0.011713 1.766598
v 3.271971 0.013132 1.763374
v 3.218552 0.058099 1.901867
v 3.238299 0.067323 1.873703
v 3.256499 0.058889 1.847748
v 3.272451 0.039223 1.824998
v 3.285542 0.065238 1.806327
v 3.295270 0.044799 1.792453
v 3.301260 0.005721 1.783910
v 3.303282 0.010328 1.781026
v 3.223871 0.079450 1.906436
v 3.248734 0.056539 1.882666
v 3.271647 0.061942 1.860760
v 3.291731 0.040278 1.841559
v 3.308213 0.048122 1.825801
v 3.320460 0.033152 1.814092
v 3.328002 0.035312 1.806881
v 3.330549 0.018468 1.804447
v 3.228197 0.065722 1.911955
v 3.257219 0.072997 1.893493
v 3.283966 0.069676 1.876477
v 3.307410 0.053745 1.861563
v 3.326649 0.044158 1.849324
v 3.340946 0.051838 1.840229
v 3.349749 0.028347 1.834629
v 3.352722 0.005306 1.832738
v 3.231363 0.064907 1.918212
v 3.263429 0.047858 1.905766
v 3.292981 0.073441 1.894296
v 3.318884 0.044579 1.884242
v 3.340142 0.034380 1.875992
v 3.355938 0.019708 1.869861
v 3.365665 0.032852 1.866085
v 3.368950 0.009000 1.864810
v 3.233248 0.065117 1.924967
v 3.267126 0.046641 1.919016
v 3.298348 0.053123 1.913531
v 3.325714 0.039600 1.908724
v 3.348173 0.041264 1.904779
v 3.364862 0.032052 1.901847
v 3.375139 0.025194 1.900042
v 3.378609 0.019452 1.899433
v 3.233778 0.066206 1.931959
v 3.268166 0.061668 1.932732
v 3.299858 0.049424 1.933444
v 3.327637 0.053631 1.934068
v 3.350434 0.038893 1.934580
v 3.367374 0.038214 1.934961
v 3.377805 0.023415 1.935195
v 3.381327 0.008513 1.935274
v 3.232934 0.071700 1.938921
v 3.266510 0.061308 1.946387
v 3.297455 0.052279 1.953268
v 3.324578 0.056218 1.959300
v 3.346837 0.045294 1.964250
v 3.363377 0.023708 1.967928
v 3.373562 0.018940 1.970193
v 3.377002 0.014514 1.970958
v 3.230748 0.066064 1.945584
v 3.262223 0.064431 1.959457
v 3.291230 0.067404 1.972243
v 3.316655 0.055502 1.983450
v 3.337521 0.041475 1.992647
v 3.353026 0.032192 1.999482
v 3.362574 0.019485 2.003690
v 3.365798 0.007794 2.005111
v 3.227304 0.066360 1.951692
v 3.255468 0.058555 1.971440
v 3.281423 0.058569 1.989639
v 3.304173 0.044375 2.005591
v 3.322844 0.037327 2.018682
v 3.336718 0.023629 2.028410
v 3.345261 0.026099 2.034400
v 3.348146 0.012557 2.036423
v 3.222735 0.060812 1.957012
v 3.246505 0.075836 1.981874
v 3.268411 0.062133 2.004787
v 3.287612 0.052296 2.024871
v 3.303370 0.046782 2.041353
v 3.315079 0.027747 2.053601
v 3.322290 0.024460 2.061142
v 3.324724 0.012561 2.063689
v 3.217216 0.073372 1.961337
v 3.235678 0.052871 1.990359
v 3.252694 0.057230 2.017106
v 3.267608 0.057962 2.040550
v 3.279847 0.044516 2.059789
v 3.288942 0.034578 2.074086
v 3.294543 0.019636 2.082889
v 3.296434 0.012132 2.085862
v 3.210959 0.081233 1.964503
v 3.223405 0.057344 1.996569
v 3.234875 0.049447 2.026122
v 3.244929 0.060404 2.052024
v 3.253180 0.035682 2.073282
v 3.259311 0.031657 2.089078
v 3.263086 0.023806 2.098805
v 3.264361 0.017044 2.102090
v 3.204204 0.071260 1.966388
v 3.210155 0.074680 2.000266
v 3.215640 0.052218 2.031488
v 3.220447 0.042091 2.058854
v 3.224392 0.051165 2.081313
v 3.227324 0.041637 2.098002
v 3.229129 0.022847 2.108279
v 3.229738 0.012273 2.111749
v 3.197212 0.047258 1.966918
v 3.196440 0.069533 2.001306
v 3.195727 0.057921 2.032998
v 3.195103 0.034074 2.060777
v 3.194591 0.053093 2.083574
v 3.194211 0.031205 2.100514
v 3.193976 0.017027 2.110945
v 3.193897 0.017362 2.114468
v 3.190251 0.057157 1.966074
v 3.182784 0.067398 1.999651
v 3.175903 0.065178 2.030595
v 3.169871 0.049266 2.057718
v 3.164922 0.048111 2.079977
v 3.161243 0.036183 2.096517
v 3.158978 0.023070 2.106703
v 3.158214 0.004042 2.110142
v 3.183588 0.070444 1.963888
v 3.169714 0.082191 1.995363
v 3.156928 0.051544 2.024370
v 3.145721 0.053405 2.049795
v 3.136524 0.043455 2.070661
v 3.129690 0.016927 2.086166
v 3.125481 0.022066 2.095714
v 3.124060 0.018714 2.098938
v 3.177479 0.079696 1.960445
v 3.157732 0.086962 1.988608
v 3.139532 0.065567 2.014564
v 3.123580 0.058976 2.037314
v 3.110489 0.039389 2.055984
v 3.100761 0.031497 2.069858
v 3.094771 0.025656 2.078401
v 3.092748 0.014894 2.081286
v 3.172159 0.056567 1.955875
v 3.147297 0.077201 1.979645
v 3.124384 0.036412 2.001551
v 3.104300 0.050966 2.020752
v 3.087818 0.054555 2.036510
v 3.075571 0.040534 2.048219
v 3.068029 0.042430 2.055430
v 3.065482 0.016031 2.057864
v 3.167834 0.057651 1.950356
v 3.138812 0.034629 1.968819
v 3.112065 0.049083 1.985834
v 3.088622 0.045335 2.000748
v 3.069382 0.048201 2.012987
v 3.055085 0.040825 2.022082
v 3.046282 0.037646 2.027683
v 3.043309 0.009736 2.029574
v 3.198015 0.068107 1.931156
v 3.164668 0.060720 1.944099
v 3.132602 0.058114 1.956545
v 3.103050 0.071483 1.968015
v 3.077147 0.059856 1.978069
v 3.055889 0.045336 1.986320
v 3.040093 0.031943 1.992451
v 3.030366 0.011453 1.996226
v 3.027081 0.005474 1.997501
v 3.162784 0.075323 1.937345
v 3.128906 0.055506 1.943296
v 3.097683 0.063882 1.948780
v 3.070317 0.045363 1.953587
v 3.047858 0.032593 1.957532
v 3.031169 0.028046 1.960464
v 3.020893 0.017816 1.962269
v 3.017422 0.001892 1.962879
v 3.162253 0.060353 1.930352
v 3.127865 0.058160 1.929580
v 3.096173 0.048633 1.928868
v 3.068394 0.048089 1.928243
v 3.045597 0.028642 1.927731
v 3.028657 0.030273 1.927351
v 3.018226 0.014742 1.927116
v 3.014704 0.012557 1.927037
v 3.163097 0.074011 1.923391
v 3.129520 0.041622 1.915924
v 3.098576 0.052009 1.909043
v 3.071453 0.041305 1.903012
v 3.049194 0.029327 1.898062
v 3.032654 0.037861 1.894384
v 3.022469 0.021506 1.892119
v 3.019029 0.002300 1.891354
v 3.165283 0.073278 1.916728
v 3.133808 0.073417 1.902854
v 3.104801 0.058713 1.890068
v 3.079376 0.054031 1.878861
v 3.058510 0.036005 1.869664
v 3.043005 0.014597 1.862830
v 3.033458 0.021565 1.858621
v 3.030234 0.006846 1.857200
v 3.168726 0.074796 1.910619
v 3.140563 0.059647 1.890872
v 3.114608 0.055783 1.872672
v 3.091857 0.036594 1.856721
v 3.073187 0.045147 1.843629
v 3.059313 0.026195 1.833902
v 3.050770 0.014616 1.827911
v 3.047885 0.017655 1.825889
v 3.173296 0.046741 1.905300
v 3.149526 0.053984 1.880437
v 3.127620 0.061323 1.857524
v 3.108419 0.045620 1.837440
v 3.092661 0.028517 1.820958
v 3.080952 0.025680 1.808711
v 3.073741 0.026213 1.801169
v 3.071307 0.002431 1.798622
v 3.178815 0.066388 1.900974
v 3.160352 0.054880 1.871952
v 3.143337 0.067384 1.845205
v 3.128423 0.055335 1.821762
v 3.116184 0.046670 1.802522
v 3.107089 0.030021 1.788226
v 3.101489 0.016085 1.779422
v 3.099597 0.002198 1.776449
v 3.185072 0.072438 1.897808
v 3.172626 0.064130 1.865742
v 3.161156 0.044519 1.836190
v 3.151102 0.055709 1.810287
v 3.142851 0.044926 1.789029
v 3.136720 0.024264 1.773233
v 3.132945 0.022286 1.763506
v 3.131670 0.006920 1.760222
v 3.191827 0.078275 1.895924
v 3.185876 0.059044 1.862046
v 3.180391 0.069277 1.830824
v 3.175584 0.045203 1.803457
v 3.171639 0.020140 1.780998
v 3.168707 0.021445 1.764310
v 3.166902 0.010348 1.754033
v 3.166293 -0.000534 1.750563
v 3.198819 0.057787 1.895393
v 3.199592 0.068997 1.861005
v 3.200304 0.051167 1.829313
v 3.200928 0.052377 1.801535
v 3.201440 0.044780 1.778738
v 3.201821 0.032862 1.761798
v 3.202055 0.016344 1.751366
v 3.202134 0.007689 1.747844
v 3.205781 0.089538 1.896237
v 3.213247 0.052971 1.862661
v 3.220128 0.040843 1.831716
v 3.226160 0.050639 1.804593
v 3.231109 0.033058 1.782334
v 3.234787 0.049704 1.765794
v 3.237052 0.043671 1.755609
v 3.237817 0.005204 1.752170
v 2.931566 0.297004 1.730125
v 2.879306 0.579177 1.851497
v 3.152349 0.367063 2.026031
v 3.147111 0.309716 2.037916
v 3.158197 0.284378 2.012765
v 3.168661 0.268598 1.989026
v 3.168875 0.261954 1.988540
v 3.153592 0.367063 2.023212
v 3.100418 0.367063 1.976253
v 3.088765 0.309716 1.981990
v 3.113425 0.284378 1.969849
v 3.136699 0.268598 1.958390
v 3.137176 0.261954 1.958156
v 3.103181 0.367063 1.974892
v 3.092633 0.367063 1.904740
v 3.080018 0.309716 1.901644
v 3.106713 0.284378 1.908195
v 3.131908 0.268598 1.914377
v 3.132424 0.261954 1.914504
v 3.095624 0.367063 1.905474
v 3.132637 0.367063 1.844953
v 3.124963 0.309716 1.834473
v 3.141202 0.284378 1.856650
v 3.156528 0.268598 1.877581
v 3.156842 0.261954 1.878010
v 3.134457 0.367063 1.847438
v 3.201712 0.367063 1.824868
v 3.202570 0.309716 1.811908
v 3.200754 0.284378 1.839334
v 3.199041 0.268598 1.865220
v 3.199006 0.261954 1.865750
v 3.201508 0.367063 1.827941
v 3.267537 0.367063 1.853882
v 3.276525 0.309716 1.844506
v 3.257504 0.284378 1.864349
v 3.239553 0.268598 1.883077
v 3.239185 0.261954 1.883460
v 3.265405 0.367063 1.856106
v 3.299311 0.367063 1.918420
v 3.312224 0.309716 1.917015
v 3.284899 0.284378 1.919989
v 3.259109 0.268598 1.922797
v 3.258581 0.261954 1.922854
v 3.296249 0.367063 1.918754
v 3.282168 0.367063 1.988283
v 3.292963 0.309716 1.995507
v 3.270119 0.284378 1.980221
v 3.248558 0.268598 1.965794
v 3.248116 0.261954 1.965499
v 3.279608 0.367063 1.986570
v 3.224128 0.367063 2.030782
v 3.227755 0.309716 2.043254
v 3.220080 0.284378 2.016861
v 3.212837 0.268598 1.991950
v 3.212689 0.261954 1.991440
v 3.223268 0.367063 2.027825
v 3.149301 0.365065 2.032948
v 3.170917 0.432101 1.983908
v 3.186142 0.442728 1.949367
v 3.187024 0.445324 1.947365
v 3.222358 0.399766 2.024694
v 3.093637 0.365065 1.979592
v 3.141717 0.432101 1.955920
v 3.175583 0.442728 1.939246
v 3.177546 0.445324 1.938280
v 3.276898 0.399766 1.984757
v 3.085292 0.365065 1.902938
v 3.137339 0.432101 1.915710
v 3.174000 0.442728 1.924706
v 3.176125 0.445324 1.925227
v 3.293008 0.399766 1.919106
v 3.128171 0.365065 1.838854
v 3.159832 0.432101 1.882094
v 3.182133 0.442728 1.912550
v 3.183426 0.445324 1.914315
v 3.263149 0.399766 1.858460
v 3.202211 0.365065 1.817326
v 3.198671 0.432101 1.870800
v 3.196178 0.442728 1.908466
v 3.196034 0.445324 1.910649
v 3.201293 0.399766 1.831195
v 3.272767 0.365065 1.848426
v 3.235683 0.432101 1.887114
v 3.209562 0.442728 1.914365
v 3.208048 0.445324 1.915945
v 3.136383 0.399766 1.850069
v 3.306826 0.365065 1.917602
v 3.253549 0.432101 1.923402
v 3.216022 0.442728 1.927487
v 3.213847 0.445324 1.927724
v 3.098791 0.399766 1.906251
v 3.288450 0.365065 1.992487
v 3.243910 0.432101 1.962684
v 3.212537 0.442728 1.941692
v 3.210718 0.445324 1.940475
v 3.106106 0.399766 1.973452
v 3.226239 0.365065 2.038040
v 3.211276 0.432101 1.986580
v 3.200736 0.442728 1.950333
v 3.200125 0.445324 1.948232
v 3.154907 0.399766 2.020229
vn 0.9725 0.2250 -0.0595
vn 0.6692 0.7195 0.1859
vn 0.3796 0.3814 0.8429
vn 0.6077 -0.2010 0.7683
vn 0.9779 -0.1960 -0.0725
vn 0.9752 -0.2115 -0.0654
vn 0.6144 0.2353 0.7531
vn 0.6173 0.2507 0.7458
vn 0.3632 -0.4349 -0.8240
vn 0.3960 0.1897 -0.8984
vn 0.8817 0.3670 -0.2964
vn -0.3700 -0.3981 0.8394
vn -0.3672 -0.4140 0.8330
vn -0.9771 -0.2010 0.0698
vn -0.9797 -0.1852 0.0765
vn -0.3584 0.4587 0.8131
vn -0.3552 0.4740 0.8057
vn 0.5954 0.7216 0.3533
vn 0.3626 0.4380 -0.8226
vn 0.1851 0.8885 -0.4199
vn -0.9704 0.2353 0.0546
vn -0.9669 0.2507 0.0475
vn -0.1767 0.8989 0.4009
vn 0.9692 0.2406 -0.0527
vn 0.6045 -0.1852 0.7748
vn -0.6096 -0.2115 -0.7640
vn -0.6062 -0.1960 -0.7708
vn -0.6624 0.7216 -0.2011
vn -0.3761 0.3670 -0.8508
vn 0.3662 -0.4193 -0.8307
vn -0.3941 0.2124 0.8942
vn -0.6122 0.2250 -0.7580
vn -0.6150 0.2406 -0.7510
vn -0.8782 0.3814 0.2885
vn -0.5886 0.7195 -0.3686
vn 0.3595 0.4535 -0.8156
vn -0.4030 -0.6866 -0.6051
vn 0.1999 -0.8688 -0.4531
vn -0.2067 -0.8633 0.4605
vn -0.7206 -0.6818 0.1258
vn 0.4130 -0.0056 -0.9107
vn 0.8748 -0.0104 -0.4845
vn 0.7091 -0.6947 -0.1205
vn -0.4003 0.0055 0.9164
vn -0.8715 0.0103 0.4902
vn 0.3930 -0.6909 0.6068
vn -0.1872 0.8687 0.4586
vn -0.7051 0.6981 0.1244
vn 0.2425 -0.0017 0.9701
vn 0.2194 0.8631 -0.4549
vn -0.3874 0.6943 -0.6066
vn 0.4085 0.6832 0.6053
vn 0.7246 0.6783 -0.1219
vn -0.2362 0.0016 -0.9717
vn 0.7583 0.6448 -0.0959
vn 0.5676 -0.5471 0.6152
vn 0.4647 -0.3684 0.8052
vn 0.8610 0.4141 -0.2953
vn 0.0242 0.1162 0.9929
vn 0.9850 -0.0700 -0.1578
vn 0.9387 -0.1789 -0.2948
vn 0.3332 0.1958 0.9223
vn 0.9056 0.1958 -0.3763
vn 0.4157 -0.1789 0.8917
vn 0.5480 -0.0700 0.8335
vn 0.7492 0.1162 -0.6520
vn 0.3629 0.4141 0.8348
vn 0.9078 -0.3684 -0.2002
vn 0.8370 -0.5471 0.0040
vn 0.4408 0.6448 0.6244
vn 0.5918 0.7627 0.2609
vn 0.7131 -0.6267 0.3143
vn -0.4408 0.6448 -0.6244
vn -0.3629 0.4141 -0.8348
vn -0.9078 -0.3684 0.2002
vn -0.8370 -0.5471 -0.0040
vn -0.7492 0.1162 0.6520
vn -0.9056 0.1958 0.3763
vn -0.4157 -0.1789 -0.8917
vn -0.5480 -0.0700 -0.8335
vn -0.3332 0.1958 -0.9223
vn -0.0242 0.1162 -0.9929
vn -0.9850 -0.0700 0.1578
vn -0.9387 -0.1789 0.2948
vn -0.8610 0.4141 0.2953
vn -0.7583 0.6448 0.0959
vn -0.5676 -0.5471 -0.6152
vn -0.4647 -0.3684 -0.8052
vn -0.5918 0.7627 -0.2609
vn -0.7131 -0.6267 -0.3143
vn 0.3682 0.0297 -0.9293
vn 0.3147 0.0801 -0.9458
vn 0.6880 0.2322 -0.6875
vn 0.5939 -0.0599 -0.8023
vn 0.8962 -0.0891 0.4345
vn 0.9512 0.2726 0.1449
vn 0.5639 0.2821 0.7762
vn 0.7069 -0.1837 0.6831
vn 0.1421 -0.2808 0.9492
vn 0.2836 0.3894 0.8764
vn -0.4875 0.8120 0.3210
vn -0.7588 -0.4489 0.4719
vn -0.9702 -0.1621 -0.1800
vn -0.8673 0.4977 -0.0089
vn -0.7224 0.4675 -0.5096
vn -0.9041 -0.1510 -0.3998
vn -0.0581 -0.9983 0.0099
vn 0.0698 -0.9849 0.1584
vn -0.1706 -0.9849 0.0291
vn -0.0159 -0.9992 -0.0360
vn 0.1710 0.8721 0.4585
vn 0.5072 0.8429 -0.1796
vn -0.1620 0.9158 -0.3675
vn -0.5254 0.8067 0.2705
vn -0.9046 -0.4233 -0.0507
vn -0.9184 0.3940 -0.0361
vn -0.6814 0.0564 -0.7297
vn -0.5270 -0.5489 -0.6488
vn 0.3053 -0.2164 -0.9274
vn 0.4478 0.1605 -0.8796
vn 0.6059 0.7511 -0.2623
vn 0.5141 0.0567 -0.8558
vn 0.8445 0.4992 0.1940
vn 0.8170 0.5624 -0.1274
vn 0.3900 0.8317 0.3951
vn 0.7640 -0.2255 0.6046
vn -0.1077 0.2764 0.9550
vn 0.0589 0.4977 0.8654
vn -0.4771 0.5501 0.6854
vn -0.7213 0.0929 0.6863
vn 0.0510 -0.9705 -0.2358
vn 0.1889 -0.9767 -0.1016
vn 0.1043 -0.9883 0.1111
vn -0.2303 -0.9731 0.0056
vn 0.3435 0.9183 -0.1970
vn 0.2088 0.9648 -0.1600
vn -0.1328 0.9806 0.1445
vn 0.2529 0.9159 0.3117
vn -0.4188 -0.8966 -0.1437
vn -0.4394 0.8534 -0.2804
vn -0.2696 0.9423 -0.1986
vn -0.3822 -0.6484 -0.6584
vn 0.1669 -0.4654 -0.8692
vn -0.0700 0.6958 -0.7148
vn 0.2677 0.9381 0.2199
vn 0.4425 -0.3749 -0.8147
vn 0.8383 0.2266 0.4958
vn 0.1823 0.9758 -0.1211
vn 0.3876 0.9121 0.1334
vn 0.7640 0.3304 0.5542
vn -0.2146 0.5831 0.7836
vn -0.0591 0.3974 0.9157
vn -0.5404 0.5165 0.6642
vn -0.5592 -0.5748 0.5974
vn -0.3330 -0.9279 -0.1674
vn -0.2417 -0.9248 0.2937
vn -0.1873 -0.9780 0.0922
vn 0.5740 0.8187 0.0186
vn -0.5934 0.6799 -0.4308
vn -0.5378 0.7841 -0.3099
vn 0.3079 0.9184 0.2486
vn 0.9680 0.0297 0.2493
vn 0.9499 0.0801 0.3023
vn 0.9608 0.2322 -0.1515
vn 0.9982 -0.0599 -0.0079
vn 0.1762 -0.0891 -0.9803
vn 0.4427 0.2726 -0.8542
vn -0.2956 0.2821 -0.9127
vn -0.1362 -0.1837 -0.9735
vn -0.6837 -0.2808 -0.6736
vn -0.5416 0.3894 -0.7451
vn -0.5464 0.8120 0.2052
vn -0.8281 -0.4489 0.3357
vn -0.4255 -0.1621 0.8903
vn -0.5033 0.4977 0.7064
vn -0.0132 0.4675 0.8839
vn -0.2089 -0.1510 0.9662
vn -0.0422 -0.9983 0.0412
vn -0.0869 -0.9849 -0.1496
vn -0.1239 -0.9849 0.1208
vn 0.0198 -0.9992 0.0340
vn -0.2700 0.8721 -0.4082
vn 0.4437 0.8429 -0.3043
vn 0.2018 0.9158 0.3473
vn -0.5279 0.8067 0.2656
vn 0.5319 -0.8098 0.2478
vn 0.6681 -0.1611 0.7264
vn 0.9914 -0.1300 -0.0123
vn 0.7306 -0.5572 -0.3946
vn 0.4794 0.2251 -0.8482
vn 0.4179 0.5929 -0.6884
vn -0.0511 0.9957 -0.0779
vn 0.3408 0.5383 -0.7708
vn -0.5907 0.8024 -0.0855
vn -0.3178 0.9211 -0.2250
vn -0.4036 0.7777 0.4820
vn -0.9763 0.0694 -0.2049
vn -0.6137 -0.0786 0.7856
vn -0.6119 0.2115 0.7621
vn -0.1310 0.0149 0.9913
vn -0.0567 -0.4843 0.8731
vn -0.0169 -0.6959 -0.7179
vn -0.2064 -0.6620 -0.7205
vn -0.3176 -0.7708 -0.5522
vn -0.0256 -0.9095 -0.4150
vn 0.0915 0.9744 0.2055
vn 0.1553 0.9308 0.3308
vn 0.1393 0.6840 0.7161
vn -0.2401 0.7941 0.5584
vn -0.4190 -0.8966 0.1431
vn -0.4398 0.8534 0.2797
vn -0.2699 0.9423 0.1982
vn -0.3832 -0.6484 0.6578
vn 0.1656 -0.4654 0.8694
vn -0.0711 0.6958 0.7147
vn 0.2680 0.9381 -0.2195
vn 0.4413 -0.3749 0.8153
vn 0.8391 0.2266 -0.4946
vn 0.1821 0.9758 0.1214
vn 0.3878 0.9121 -0.1328
vn 0.7648 0.3304 -0.5530
vn -0.2134 0.5831 -0.7839
vn -0.0577 0.3974 -0.9158
vn -0.5394 0.5165 -0.6650
vn -0.5583 -0.5748 -0.5982
vn 0.0507 -0.9705 0.2359
vn -0.3333 -0.9279 0.1670
vn -0.2413 -0.9248 -0.2941
vn -0.1871 -0.9780 -0.0925
vn 0.5740 0.8187 -0.0178
vn -0.5940 0.6799 0.4299
vn -0.5382 0.7841 0.3091
vn 0.3083 0.9184 -0.2481
vn -0.8601 0.4895 -0.1434
vn -0.8200 0.5450 -0.1748
vn -0.8072 0.5070 0.3022
vn -0.9423 0.3289 0.0627
vn -0.2729 -0.3761 0.8855
vn -0.3698 0.0785 0.9258
vn 0.3089 -0.2183 0.9257
vn -0.0211 -0.5731 0.8192
vn 0.4691 -0.7520 0.4630
vn 0.5894 -0.1590 0.7920
vn 0.8300 0.5530 0.0731
vn 0.6165 -0.5698 -0.5434
vn 0.3991 0.0349 -0.9163
vn 0.7090 0.4927 -0.5045
vn 0.2603 0.7216 -0.6415
vn 0.2099 0.1557 -0.9652
vn -0.3403 -0.8430 -0.4165
vn -0.3089 -0.9206 -0.2389
vn -0.2538 -0.8331 -0.4914
vn -0.3983 -0.8228 -0.4055
vn 0.5507 0.4790 0.6836
vn -0.1093 0.7668 0.6325
vn 0.1922 0.9806 0.0393
vn 0.8156 0.5783 0.0168
vn -0.6477 -0.4233 -0.6335
vn -0.6462 0.3940 -0.6536
vn -0.9984 0.0564 -0.0107
vn -0.8345 -0.5489 0.0487
vn -0.4786 -0.2164 0.8510
vn -0.3471 0.1605 0.9240
vn 0.2152 0.7511 0.6242
vn -0.2849 0.0567 0.9569
vn 0.7129 0.4992 0.4925
vn 0.4571 0.5624 0.6890
vn 0.5548 0.8317 0.0213
vn 0.9617 -0.2255 0.1560
vn 0.6323 0.2764 -0.7237
vn 0.6785 0.4977 -0.5403
vn 0.1840 0.5501 -0.8145
vn 0.0200 0.0929 -0.9955
vn -0.1396 -0.9705 0.1968
vn 0.0525 -0.9767 0.2080
vn 0.1524 -0.9883 0.0020
vn -0.1512 -0.9731 -0.1738
vn 0.0863 0.9183 0.3864
vn 0.0228 0.9648 0.2620
vn 0.0171 0.9806 -0.1955
vn 0.4007 0.9159 -0.0236
vn -0.3886 -0.8966 -0.2122
vn -0.5034 0.8534 -0.1352
vn -0.3285 0.9423 -0.0651
vn -0.7438 -0.6484 0.1621
vn -0.5290 -0.4654 0.7096
vn -0.5749 0.6958 0.4306
vn 0.3429 0.9381 0.0492
vn -0.3028 -0.3749 0.8762
vn 0.9316 0.2266 0.2843
vn 0.0336 0.9758 0.2163
vn 0.3600 0.9121 0.1961
vn 0.9245 0.3304 0.1901
vn 0.4336 0.5831 -0.6870
vn 0.6361 0.3974 -0.6614
vn 0.1257 0.5165 -0.8470
vn 0.0637 -0.5748 -0.8158
vn -0.3483 -0.9279 -0.1329
vn 0.0537 -0.9248 -0.3766
vn -0.0583 -0.9780 -0.2004
vn 0.4010 0.8187 0.4111
vn -0.7183 0.6799 -0.1474
vn -0.5916 0.7841 -0.1879
vn 0.3912 0.9184 0.0596
vn -0.7848 0.4113 0.4635
vn -0.8287 0.3802 0.4108
vn -0.6543 0.0915 0.7506
vn -0.6128 0.4080 0.6767
vn 0.4886 -0.2083 0.8473
vn 0.0613 -0.3795 0.9232
vn 0.5687 -0.6742 0.4712
vn 0.7353 -0.2366 0.6352
vn 0.9688 -0.2433 0.0482
vn 0.5787 -0.7956 0.1792
vn -0.1725 -0.8241 -0.5395
vn 0.5729 0.2086 -0.7926
vn -0.1488 0.3032 -0.9412
vn -0.3270 -0.3593 -0.8741
vn -0.7307 -0.0938 -0.6762
vn -0.3381 0.3986 -0.8525
vn 0.5083 0.8606 -0.0331
vn 0.6391 0.7651 0.0780
vn 0.5092 0.8480 -0.1472
vn 0.4726 0.8812 0.0138
vn -0.0331 -0.9945 0.0991
vn -0.5405 -0.6756 0.5014
vn -0.7912 -0.5939 -0.1458
vn -0.2162 -0.7915 -0.5717
vn -0.1453 -0.4233 0.8943
vn -0.1322 0.3940 0.9096
vn -0.7971 0.0564 0.6011
vn -0.7005 -0.5489 0.4561
vn -0.8902 -0.2164 -0.4008
vn -0.8278 0.1605 -0.5376
vn -0.1973 0.7511 -0.6301
vn -0.7972 0.0567 -0.6010
vn 0.2814 0.4992 -0.8195
vn -0.0410 0.5624 -0.8258
vn 0.4339 0.8317 -0.3464
vn 0.6814 -0.2255 -0.6964
vn 0.9384 0.2764 0.2072
vn 0.8668 0.4977 0.0322
vn 0.6316 0.5501 0.5463
vn 0.6069 0.0929 0.7893
vn -0.2292 -0.9705 -0.0755
vn -0.0812 -0.9767 -0.1985
vn 0.1215 -0.9883 -0.0921
vn -0.0186 -0.9731 0.2296
vn -0.1599 0.9183 -0.3622
vn -0.1372 0.9648 -0.2244
vn 0.1298 0.9806 0.1472
vn 0.3365 0.9159 -0.2188
vn -0.1023 0.9933 0.0529
vn -0.7647 -0.6303 0.1337
vn -0.6217 -0.7773 0.0967
vn -0.2860 0.7828 0.5527
vn 0.0925 0.4374 0.8945
vn -0.4864 -0.5800 0.6534
vn -0.0293 -0.9855 -0.1669
vn 0.3236 0.2544 0.9114
vn 0.8033 -0.5329 -0.2659
vn -0.2058 -0.9687 0.1389
vn 0.0661 -0.9965 -0.0516
vn 0.7149 -0.6086 -0.3443
vn -0.1982 -0.5255 -0.8274
vn 0.0402 -0.4137 -0.9095
vn -0.4994 -0.3435 -0.7954
vn -0.1534 0.6901 -0.7072
vn 0.3242 0.9078 0.2662
vn -0.0200 0.9949 0.0990
vn 0.1782 0.9297 -0.3223
vn 0.1948 0.9744 -0.1123
vn 0.2378 -0.9650 0.1103
vn -0.8814 -0.4049 0.2433
vn -0.8368 -0.5297 0.1384
vn 0.0212 -0.9828 -0.1836
vn -0.7743 -0.4046 0.4866
vn -0.9067 -0.1431 -0.3969
vn -0.4734 -0.8344 -0.2823
vn 0.7743 0.4046 -0.4866
vn 0.4220 -0.3554 -0.8340
vn -0.0030 0.3228 -0.9465
vn -0.5997 0.0877 -0.7954
vn -0.0743 -0.7507 -0.6565
vn -0.0056 -0.9206 0.3904
vn 0.8810 -0.4400 -0.1741
vn 0.4931 -0.8553 0.1593
vn 0.0290 -0.3155 0.9485
vn 0.9149 0.1536 0.3734
vn 0.5350 -0.1215 0.8361
vn -0.4043 0.3758 0.8339
vn 0.4898 0.8318 0.2609
vn 0.0096 0.7169 0.6971
vn -0.8721 0.4620 0.1612
vn 0.0309 0.9164 -0.3990
vn -0.5577 0.8215 -0.1186
vn -0.4740 0.8638 -0.1707
vn -0.5306 0.8366 -0.1361
vn -0.5726 0.1022 -0.8135
vn -0.5158 0.1310 -0.8466
vn 0.0927 0.7594 0.6440
vn 0.0372 0.7319 0.6803
vn 0.6174 -0.0779 0.7828
vn 0.5631 -0.1072 0.8194
vn 0.5755 -0.8108 0.1069
vn 0.5211 -0.8416 0.1421
vn 0.0089 -0.7063 -0.7078
vn -0.0467 -0.7369 -0.6744
vn -0.6445 -0.4418 0.6241
vn -0.9427 -0.2380 -0.2338
vn -0.4359 -0.8842 -0.1679
vn 0.6445 0.4418 -0.6241
vn 0.3102 -0.3616 -0.8792
vn -0.1870 0.2723 -0.9439
vn -0.7272 -0.0034 -0.6865
vn -0.1126 -0.7871 -0.6065
vn 0.1415 -0.8966 0.4196
vn 0.8767 -0.3738 -0.3028
vn 0.5877 -0.8021 0.1060
vn 0.2121 -0.2628 0.9412
vn 0.9460 0.2480 0.2089
vn 0.6733 -0.0335 0.7386
vn -0.2947 0.3834 0.8753
vn 0.4488 0.8819 0.1443
vn 0.0587 0.7502 0.6586
vn -0.8721 0.3958 0.2878
vn -0.1177 0.8941 -0.4321
vn -0.6415 0.7652 -0.0539
vn -0.5715 0.8116 -0.1208
vn -0.6191 0.7816 -0.0762
vn -0.7048 0.0124 -0.7093
vn -0.6571 0.0440 -0.7525
vn 0.1278 0.7966 0.5908
vn 0.0818 0.7666 0.6370
vn 0.7416 0.0139 0.6707
vn 0.6969 -0.0178 0.7170
vn 0.6561 -0.7537 0.0389
vn 0.6112 -0.7870 0.0838
vn -0.0433 -0.7386 -0.6727
vn -0.0897 -0.7720 -0.6293
vn 0.6872 -0.7216 -0.0842
vn 0.2741 -0.6111 0.7426
vn -0.1768 -0.9720 0.1550
vn -0.6872 0.7216 0.0842
vn -0.9602 -0.1274 0.2485
vn -0.5178 0.2266 0.8249
vn -0.1112 -0.2753 0.9549
vn -0.6581 -0.7129 0.2423
vn -0.0614 -0.7698 -0.6353
vn -0.8470 0.0709 -0.5268
vn -0.5181 -0.4677 -0.7161
vn 0.5049 -0.2068 -0.8381
vn -0.2915 0.6232 -0.7257
vn 0.1686 0.2150 -0.9619
vn 0.9558 0.1540 -0.2505
vn 0.1509 0.9772 -0.1493
vn 0.7155 0.6526 -0.2494
vn 0.8404 -0.0481 0.5398
vn 0.0377 0.7789 0.6260
vn 0.5755 0.4075 0.7090
vn 0.5011 0.4844 0.7172
vn 0.5515 0.4335 0.7126
vn -0.1358 -0.2498 0.9587
vn -0.1848 -0.1975 0.9627
vn 0.6408 0.7292 -0.2400
vn 0.6916 0.6789 -0.2466
vn 0.0947 0.2922 -0.9517
vn 0.1443 0.2409 -0.9598
vn -0.5912 -0.3897 -0.7061
vn -0.5431 -0.4424 -0.7137
vn -0.7310 -0.6346 0.2511
vn -0.6831 -0.6878 0.2456
vn 0.4076 -0.5388 -0.7373
vn 0.5805 0.3757 -0.7224
vn 0.9827 -0.0805 -0.1666
vn -0.4076 0.5388 0.7373
vn 0.4974 0.5379 0.6806
vn 0.1029 0.9854 0.1354
vn 0.4409 0.8035 -0.4001
vn 0.9286 0.2502 0.2739
vn 0.6332 -0.7616 0.1379
vn 0.1546 -0.1303 0.9793
vn 0.5048 -0.5758 0.6432
vn -0.1185 -0.9865 -0.1134
vn -0.5829 -0.3509 0.7329
vn -0.4068 -0.8485 0.3385
vn -0.5207 -0.5302 -0.6691
vn -0.9775 0.0966 0.1877
vn -0.8946 -0.2952 -0.3355
vn -0.1712 0.1509 -0.9736
vn -0.6346 0.7648 -0.1111
vn -0.4707 0.5308 -0.7048
vn -0.5139 0.5879 -0.6247
vn -0.4857 0.5504 -0.6791
vn 0.4267 0.8234 -0.3741
vn 0.3966 0.8603 -0.3204
vn -0.9372 -0.2370 -0.2559
vn -0.9099 -0.2763 -0.3095
vn -0.4500 -0.7896 0.4171
vn -0.4217 -0.8300 0.3651
vn 0.4604 -0.5172 0.7214
vn 0.4907 -0.5571 0.6700
vn 0.8837 0.3077 0.3527
vn 0.9149 0.2696 0.3004
vn 0.5194 -0.6183 0.5898
vn 0.9667 -0.2236 -0.1246
vn 0.8115 0.2629 0.5219
vn -0.5194 0.6183 -0.5898
vn 0.2015 0.9658 -0.1633
vn 0.3538 0.4886 -0.7976
vn 0.8370 0.1281 -0.5319
vn 0.6488 0.7180 0.2522
vn 0.1391 0.1360 0.9809
vn -0.4581 0.8413 0.2870
vn -0.1665 0.5641 0.8088
vn -0.3780 -0.4774 0.7933
vn -0.9654 0.2396 0.1029
vn -0.7937 -0.1797 0.5812
vn -0.2227 -0.9638 0.1467
vn -0.8131 -0.2376 -0.5314
vn -0.6054 -0.7696 -0.2029
vn 0.4496 -0.8369 -0.3123
vn -0.1535 -0.1131 -0.9816
vn 0.2099 -0.6157 -0.7595
vn 0.1539 -0.5486 -0.8218
vn 0.1916 -0.5942 -0.7812
vn 0.8192 0.1502 -0.5534
vn 0.7802 0.1943 -0.5946
vn -0.6604 -0.7023 -0.2659
vn -0.6245 -0.7482 -0.2241
vn -0.8484 -0.1132 0.5172
vn -0.8129 -0.1578 0.5607
vn -0.2221 0.6297 0.7444
vn -0.1852 0.5866 0.7884
vn 0.5922 0.7834 0.1886
vn 0.6308 0.7406 0.2314
vn -0.6687 -0.6742 -0.3134
vn -0.7623 0.2013 -0.6152
vn -0.1568 -0.2398 -0.9581
vn 0.6687 0.6742 0.3134
vn 0.6118 0.5366 -0.5812
vn 0.0178 0.9694 -0.2447
vn -0.4927 0.6794 -0.5437
vn 0.2416 0.1444 -0.9596
vn 0.2264 -0.8233 -0.5205
vn 0.9878 -0.0358 -0.1519
vn 0.7063 -0.5632 -0.4289
vn 0.0042 -0.9656 0.2600
vn 0.7698 -0.1754 0.6138
vn 0.4368 -0.7358 0.5175
vn -0.6012 -0.5245 0.6029
vn 0.1758 0.2574 0.9502
vn -0.2974 -0.2008 0.9334
vn -0.9845 0.0590 0.1653
vn -0.2002 0.8298 0.5209
vn -0.7622 0.5068 0.4028
vn -0.6894 0.5785 0.4359
vn -0.7390 0.5313 0.4143
vn -0.4693 0.7041 -0.5330
vn -0.4203 0.7509 -0.5094
vn -0.2253 -0.1282 0.9658
vn -0.2738 -0.1769 0.9454
vn 0.5080 -0.6625 0.5505
vn 0.4610 -0.7123 0.5292
vn 0.7772 -0.4901 -0.3948
vn 0.7308 -0.5396 -0.4181
vn 0.3130 0.2166 -0.9247
vn 0.2656 0.1686 -0.9492
vn 0.5330 -0.5334 -0.6568
vn -0.0066 0.1485 -0.9889
vn 0.6891 0.3833 -0.6150
vn -0.5330 0.5334 0.6568
vn 0.0658 0.9867 0.1486
vn -0.6167 0.7564 -0.2182
vn -0.3520 0.5245 -0.7752
vn 0.4915 0.8092 -0.3219
vn 0.9977 -0.0675 0.0016
vn 0.3686 0.5444 0.7535
vn 0.8659 0.2624 0.4259
vn 0.6108 -0.7532 0.2444
vn -0.0111 -0.1282 0.9917
vn 0.3966 -0.5690 0.7204
vn -0.0849 -0.9879 -0.1295
vn -0.6935 -0.3585 0.6249
vn -0.4470 -0.8537 0.2670
vn -0.3935 -0.5371 -0.7461
vn -0.9963 0.0838 0.0200
vn -0.8213 -0.3070 -0.4808
vn -0.8775 -0.2494 -0.4097
vn -0.8410 -0.2882 -0.4578
vn -0.3714 0.5439 -0.7525
vn -0.4088 0.5810 -0.7038
vn -0.5036 -0.7954 0.3371
vn -0.4664 -0.8355 0.2907
vn 0.3389 -0.5111 0.7899
vn 0.3779 -0.5505 0.7444
vn 0.8076 0.3193 0.4959
vn 0.8476 0.2817 0.4497
vn 0.4337 0.8654 -0.2510
vn 0.4729 0.8289 -0.2987
vn -0.0312 0.9270 -0.3738
vn 0.1069 0.9812 -0.1604
vn 0.2861 0.9576 0.0353
vn 0.3586 0.8945 -0.2669
vn -0.0356 0.9667 -0.2534
vn -0.0157 0.9994 -0.0301
vn -0.1089 0.9780 -0.1781
vn -0.0096 0.9959 -0.0896
vn 0.3596 0.7218 -0.5914
vn 0.3906 0.6188 -0.6816
vn 0.3781 0.7151 -0.5879
vn 0.3226 0.7763 -0.5416
vn 0.1176 0.9541 -0.2753
vn 0.1089 0.9754 -0.1919
vn 0.6510 0.7217 0.2352
vn -0.0282 0.9978 0.0605
vn 0.1738 0.9821 -0.0732
vn -0.1338 0.9742 -0.1819
vn -0.0849 0.9645 -0.2500
vn 0.0980 0.9058 -0.4123
vn 0.0556 0.9874 -0.1479
vn 0.1662 0.9839 -0.0663
vn 0.4530 0.7202 -0.5254
vn 0.5671 0.4764 -0.6720
vn 0.6143 0.3368 -0.7136
vn 0.2354 0.9714 0.0294
vn 0.3783 0.9206 -0.0965
vn 0.7711 0.4786 -0.4200
vn 0.8445 0.1596 -0.5111
vn 0.3379 0.8659 0.3689
vn 0.0169 0.9864 0.1632
vn 0.1420 0.9675 -0.2095
vn 0.3279 0.9116 -0.2479
vn 0.3060 0.9364 0.1720
vn 0.1526 0.8751 0.4593
vn 0.3042 0.8977 0.3186
vn 0.4850 0.8740 0.0303
vn 0.4099 0.9120 0.0142
vn 0.2782 0.9603 0.0185
vn 0.6812 0.7035 -0.2026
vn 0.9061 0.1849 -0.3806
vn 0.3011 0.9337 -0.1939
vn 0.3508 0.9231 -0.1575
vn 0.7558 0.6427 -0.1252
vn 0.9497 0.2786 -0.1432
vn 0.2167 0.9441 -0.2486
vn 0.1197 0.9903 -0.0698
vn 0.2047 0.9732 0.1047
vn 0.3124 0.9467 -0.0788
vn 0.2210 0.9277 -0.3010
vn 0.0959 0.9784 -0.1831
vn 0.2101 0.9635 -0.1662
vn 0.3984 0.9161 -0.0447
vn 0.5563 0.8285 0.0635
vn 0.8411 0.5360 0.0729
vn 0.9420 0.3322 0.0487
vn 0.1497 0.9006 -0.4080
vn 0.6262 0.7582 0.1817
vn 0.8044 0.5570 0.2066
vn 0.9030 0.3725 0.2141
vn 0.0600 0.9980 -0.0192
vn 0.2387 0.9610 -0.1399
vn 0.1559 0.9663 -0.2051
vn 0.2816 0.9580 -0.0548
vn 0.5368 0.8356 0.1164
vn 0.1052 0.9928 0.0565
vn 0.2807 0.9280 0.2450
vn 0.4475 0.8402 0.3062
vn 0.5283 0.8153 0.2368
vn 0.7454 0.5950 0.3007
vn 0.8631 0.3332 0.3795
vn -0.0028 0.9642 0.2650
vn 0.0265 0.9958 0.0872
vn 0.5911 0.7075 0.3874
vn 0.8017 0.2685 0.5340
vn -0.0075 0.9937 0.1118
vn 0.1297 0.9915 -0.0143
vn 0.2379 0.9513 0.1959
vn 0.3181 0.9176 0.2383
vn 0.4373 0.8484 0.2982
vn 0.3657 0.8980 0.2447
vn 0.1688 0.9789 0.1154
vn 0.3145 0.9431 0.1078
vn 0.4437 0.8564 0.2639
vn 0.4033 0.8487 0.3422
vn 0.5131 0.6625 0.5457
vn 0.6474 0.3047 0.6986
vn 0.1100 0.9931 -0.0399
vn 0.0040 0.9995 0.0300
vn 0.4627 0.5472 0.6975
vn 0.5108 0.3892 0.7665
vn 0.5427 0.8301 -0.1282
vn -0.0505 0.9495 0.3097
vn -0.1463 0.9793 0.1397
vn 0.1156 0.9623 0.2463
vn 0.2498 0.8525 0.4593
vn 0.3153 0.7907 0.5248
vn -0.0601 0.9676 0.2453
vn 0.1924 0.8964 0.3994
vn 0.2847 0.7834 0.5525
vn 0.3309 0.5328 0.7788
vn 0.3406 0.4115 0.8453
vn 0.2500 0.9682 -0.0036
vn 0.4022 0.8938 0.1983
vn -0.0154 0.9973 0.0713
vn -0.6836 0.7263 0.0724
vn 0.0219 0.9743 0.2243
vn 0.0734 0.9334 0.3512
vn -0.1079 0.9903 0.0879
vn 0.0759 0.9714 0.2249
vn 0.1669 0.7400 0.6515
vn 0.1254 0.5254 0.8416
vn 0.1397 0.4738 0.8695
vn 0.0977 0.9945 0.0387
vn -0.0208 0.9815 0.1905
vn -0.0467 0.6328 0.7729
vn -0.0391 0.5117 0.8582
vn -0.0458 0.4643 0.8845
vn -0.2283 0.9733 -0.0241
vn -0.1062 0.9909 0.0824
vn 0.1312 0.8710 0.4734
vn 0.7211 0.6888 0.0750
vn 0.3364 0.9340 0.1207
vn 0.0173 0.9263 0.3763
vn 0.0627 0.9810 0.1834
vn -0.1240 0.9200 0.3717
vn -0.2389 0.7321 0.6379
vn -0.2011 0.5880 0.7835
vn -0.1950 0.3256 0.9252
vn -0.2783 0.8037 0.5259
vn -0.2079 0.8806 0.4258
vn -0.2496 0.7376 0.6274
vn -0.3395 0.3713 0.8642
vn 0.7617 0.6203 0.1872
vn 0.3767 0.8401 0.3903
vn 0.0005 0.9249 0.3802
vn -0.0816 0.9495 0.3030
vn -0.2297 0.9722 0.0455
vn -0.3201 0.9293 0.1845
vn -0.1339 0.9783 0.1583
vn -0.1835 0.8165 0.5474
vn 0.0019 0.8841 0.4672
vn -0.2627 0.7075 0.6560
vn -0.5309 0.3157 0.7864
vn 0.0560 0.9140 -0.4017
vn -0.1241 0.9396 0.3190
vn -0.4153 0.7408 0.5279
vn -0.7088 0.1568 0.6878
vn -0.5619 0.6653 -0.4916
vn -0.6956 0.5839 -0.4185
vn -0.3842 0.8915 -0.2400
vn -0.0961 0.9882 -0.1194
vn -0.1981 0.9492 0.2445
vn -0.1587 0.9716 0.1756
vn 0.1542 0.9261 0.3442
vn 0.0426 0.9844 0.1709
vn -0.3159 0.9424 0.1100
vn -0.4862 0.8685 0.0960
vn -0.7511 0.5934 0.2895
vn -0.8645 0.1700 0.4730
vn -0.1782 0.9363 0.3028
vn -0.6776 0.7324 0.0668
vn -0.8849 0.3830 0.2650
vn -0.9142 0.2572 0.3132
vn 0.0506 0.7311 0.6804
vn 0.2715 0.8511 0.4494
vn 0.0767 0.9830 0.1667
vn -0.3153 0.9398 0.1320
vn -0.4575 0.8892 0.0034
vn -0.1928 0.9307 -0.3109
vn -0.5146 0.8398 -0.1729
vn -0.4377 0.8956 -0.0796
vn -0.5979 0.7996 0.0567
vn -0.8629 0.4763 0.1689
vn -0.9230 0.3321 0.1942
vn -0.0880 0.9961 0.0103
vn -0.0573 0.9799 -0.1909
vn -0.8906 0.4548 0.0080
vn -0.9408 0.3387 -0.0102
vn -0.3327 0.9096 -0.2491
vn -0.1879 0.9196 -0.3451
vn -0.1415 0.9570 -0.2531
vn -0.4241 0.8984 -0.1141
vn -0.2314 0.9728 0.0055
vn -0.4526 0.8899 0.0568
vn -0.2243 0.9605 0.1646
vn -0.4561 0.8896 0.0248
vn -0.2852 0.9564 -0.0632
vn -0.3265 0.9348 -0.1398
vn -0.8205 0.5282 -0.2186
vn -0.9423 0.2552 -0.2167
vn -0.2464 0.8504 0.4650
vn -0.2989 0.9276 0.2243
vn -0.6289 0.7068 -0.3240
vn -0.8744 0.3427 -0.3434
vn -0.0683 0.9915 0.1110
vn -0.2335 0.9666 0.1056
vn -0.2330 0.9725 -0.0033
vn -0.3167 0.9436 -0.0964
vn -0.4871 0.8578 -0.1642
vn -0.3923 0.8867 -0.2447
vn -0.2114 0.9384 -0.2735
vn -0.3179 0.8992 -0.3007
vn -0.4578 0.8533 -0.2496
vn -0.5948 0.7204 -0.3567
vn -0.7436 0.4250 -0.5162
vn 0.3462 0.7934 -0.5007
vn 0.1730 0.8758 -0.4506
vn -0.1973 0.9334 -0.2997
vn -0.1358 0.9519 -0.2747
vn 0.0095 0.9995 0.0314
vn -0.2793 0.9600 0.0176
vn -0.4529 0.8779 -0.1555
vn -0.3767 0.8806 -0.2874
vn -0.3820 0.8557 -0.3490
vn -0.5422 0.6274 -0.5589
vn -0.6422 0.2432 -0.7269
vn -0.4036 0.8401 -0.3624
vn -0.3469 0.8012 -0.4876
vn -0.4547 0.4989 -0.7378
vn -0.5316 0.2074 -0.8212
vn -0.6708 0.6720 0.3137
vn -0.2335 0.9573 0.1702
vn 0.0287 0.9970 -0.0724
vn -0.2429 0.9424 -0.2301
vn -0.4877 0.8702 0.0703
vn -0.2872 0.9472 -0.1427
vn -0.0395 0.9855 -0.1647
vn 0.0503 0.9269 -0.3720
vn 0.0124 0.7996 -0.6005
vn -0.0720 0.8014 -0.5937
vn -0.2421 0.5911 -0.7694
vn -0.3318 0.2482 -0.9101
vn -0.1318 0.8551 -0.5014
vn -0.1244 0.8091 -0.5744
vn -0.1416 0.4883 -0.8611
vn -0.1652 0.2973 -0.9404
vn 0.2078 0.9751 -0.0774
vn -0.0224 0.9872 -0.1579
vn -0.1140 0.9792 -0.1680
vn -0.0828 0.8684 -0.4888
vn 0.2084 0.9455 -0.2503
vn 0.3415 0.9274 -0.1527
vn 0.0568 0.9471 -0.3160
vn -0.2063 0.9304 -0.3031
vn -0.3278 0.8172 -0.4741
vn -0.1169 0.3969 -0.9104
vn -0.0400 0.2487 -0.9678
vn -0.0538 0.9582 -0.2811
vn 0.0841 0.9473 -0.3092
vn 0.1880 0.5060 -0.8418
vn 0.2114 0.1673 -0.9630
vn -0.2683 0.9489 -0.1663
vn -0.1391 0.8781 -0.4579
vn 0.0070 0.9751 -0.2219
vn 0.1345 0.9612 -0.2410
vn 0.1014 0.9922 -0.0722
vn -0.0000 1.0000 -0.0000
vn 0.5778 0.7188 0.3866
vn 0.6912 0.7188 -0.0752
vn -0.3883 -0.2701 0.8810
vn -0.8638 -0.2701 0.4253
vn -0.5520 -0.7883 0.2718
vn -0.2482 -0.7883 0.5630
vn -0.2804 0.7188 0.6362
vn -0.6237 0.7188 0.3071
vn -0.7345 -0.5742 0.3616
vn -0.3302 -0.5742 0.7492
vn -0.6683 -0.6672 0.3290
vn -0.3004 -0.6672 0.6816
vn -0.9351 -0.2701 -0.2295
vn -0.5975 -0.7883 -0.1466
vn -0.6752 0.7188 -0.1657
vn -0.7951 -0.5742 -0.1951
vn -0.7234 -0.6672 -0.1775
vn -0.3635 -0.7883 -0.4964
vn -0.4837 -0.5742 -0.6606
vn -0.4400 -0.6672 -0.6010
vn -0.5688 -0.2701 -0.7768
vn -0.4107 0.7188 -0.5609
vn 0.0636 -0.2701 -0.9607
vn 0.0406 -0.7883 -0.6139
vn 0.0459 0.7188 -0.6937
vn 0.0541 -0.5742 -0.8169
vn 0.0492 -0.6672 -0.7432
vn 0.4811 0.7188 -0.5019
vn 0.6663 -0.2701 -0.6951
vn 0.5154 -0.6672 -0.5377
vn 0.7405 -0.6672 -0.0806
vn 0.6190 -0.6672 0.4142
vn 0.4257 -0.7883 -0.4442
vn 0.5665 -0.5742 -0.5910
vn 0.6116 -0.7883 -0.0666
vn 0.8139 -0.5742 -0.0886
vn 0.9572 -0.2701 -0.1042
vn 0.8002 -0.2701 0.5354
vn 0.5113 -0.7883 0.3421
vn 0.2080 -0.6672 0.7152
vn 0.6804 -0.5742 0.4553
vn 0.1941 0.7188 0.6676
vn 0.2688 -0.2701 0.9245
vn 0.1718 -0.7883 0.5908
vn 0.2286 -0.5742 0.7862
vn -0.3321 0.5676 0.7534
vn -0.7386 0.5676 0.3637
vn -0.8328 0.3718 0.4100
vn -0.3744 0.3718 0.8494
vn -0.1987 0.8703 0.4507
vn -0.4419 0.8703 0.2176
vn -0.4440 0.8690 0.2186
vn -0.1996 0.8690 0.4528
vn 0.3424 0.8690 -0.3572
vn 0.4919 0.8690 -0.0536
vn 0.8185 0.5676 -0.0891
vn 0.5697 0.5676 -0.5944
vn -0.1986 0.8704 0.4505
vn -0.4417 0.8704 0.2175
vn -0.2909 0.8704 -0.3972
vn -0.4781 0.8704 -0.1173
vn -0.4784 0.8703 -0.1174
vn -0.4806 0.8690 -0.1179
vn 0.4113 0.8690 0.2752
vn 0.6843 0.5676 0.4579
vn -0.7996 0.5676 -0.1962
vn -0.9016 0.3718 -0.2212
vn 0.1382 0.8690 0.4752
vn 0.2299 0.5676 0.7906
vn -0.2910 0.8703 -0.3974
vn -0.4864 0.5676 -0.6643
vn -0.5484 0.3718 -0.7490
vn 0.1375 0.8704 0.4728
vn 0.0325 0.8704 -0.4913
vn -0.2924 0.8690 -0.3993
vn 0.0544 0.5676 -0.8215
vn 0.0613 0.3718 -0.9263
vn 0.4092 0.8704 0.2738
vn 0.3407 0.8704 -0.3554
vn 0.0325 0.8703 -0.4915
vn 0.0327 0.8690 -0.4938
vn 0.3408 0.8703 -0.3556
vn 0.6424 0.3718 -0.6702
vn 0.4894 0.8704 -0.0533
vn 0.4897 0.8703 -0.0533
vn 0.9228 0.3718 -0.1005
vn 0.7715 0.3718 0.5162
vn 0.4094 0.8703 0.2739
vn 0.1375 0.8703 0.4730
vn 0.2592 0.3718 0.8914
vt 0.192571 0.271162
vt 0.197468 0.024411
vt 0.212040 0.024723
vt 0.206278 0.271580
vt 0.621218 0.000566
vt 0.612503 0.247042
vt 0.598810 0.247090
vt 0.600206 0.000139
vt 0.626156 0.247168
vt 0.634638 0.492921
vt 0.620073 0.493397
vt 0.221573 0.518721
vt 0.219990 0.271820
vt 0.233687 0.271879
vt 0.242570 0.518270
vt 0.585097 0.247316
vt 0.579200 0.000337
vt 0.605503 0.493821
vt 0.178891 0.270568
vt 0.182896 0.024151
vt 0.571388 0.247721
vt 0.558215 0.001154
vt 0.590931 0.494194
vt 0.179582 0.517763
vt 0.200573 0.518552
vt 0.557703 0.248305
vt 0.537261 0.002590
vt 0.576358 0.494517
vt 0.635463 0.518148
vt 0.620898 0.518625
vt 0.642333 0.505296
vt 0.544065 0.249069
vt 0.516351 0.004647
vt 0.561785 0.494787
vt 0.642333 0.001633
vt 0.547136 0.495000
vt 0.613203 0.506249
vt 0.226611 0.025085
vt 0.247345 0.271756
vt 0.263553 0.517197
vt 0.241180 0.025499
vt 0.234270 0.012582
vt 0.263553 0.013530
vt 0.255821 0.025973
vt 0.137573 0.514294
vt 0.165260 0.269801
vt 0.158614 0.516351
vt 0.168326 0.023943
vt 0.256643 0.000613
vt 0.242001 0.000139
vt 0.291516 0.249058
vt 0.305148 0.248291
vt 0.309152 0.494709
vt 0.294582 0.494917
vt 0.516072 0.517128
vt 0.494957 0.518195
vt 0.486244 0.271716
vt 0.499897 0.271589
vt 0.431443 0.270452
vt 0.417804 0.269688
vt 0.420880 0.023761
vt 0.435528 0.023975
vt 0.305840 0.001097
vt 0.326830 0.000308
vt 0.332535 0.247279
vt 0.318828 0.247696
vt 0.473944 0.518621
vt 0.472550 0.271667
vt 0.493813 0.025366
vt 0.508378 0.025842
vt 0.359944 0.246980
vt 0.373603 0.247103
vt 0.382078 0.492887
vt 0.367436 0.493361
vt 0.452939 0.518424
vt 0.458837 0.271441
vt 0.479245 0.024941
vt 0.263831 0.004566
vt 0.284872 0.002509
vt 0.431953 0.517606
vt 0.445128 0.271036
vt 0.464674 0.024568
vt 0.494638 0.000139
vt 0.509203 0.000615
vt 0.516072 0.013467
vt 0.486943 0.012514
vt 0.410998 0.516170
vt 0.450101 0.024245
vt 0.390088 0.514113
vt 0.323724 0.494448
vt 0.347830 0.000139
vt 0.346247 0.247039
vt 0.338296 0.494137
vt 0.368257 0.518721
vt 0.360526 0.506278
vt 0.382899 0.518247
vt 0.368827 0.000590
vt 0.352868 0.493775
vt 0.389810 0.001663
vt 0.389810 0.505330
vt 0.042266 0.962554
vt 0.060803 0.493639
vt 0.074462 0.493784
vt 0.063363 0.962871
vt 0.047156 0.493286
vt 0.056315 0.024421
vt 0.070938 0.024601
vt 0.088120 0.493948
vt 0.084459 0.963028
vt 0.085565 0.024690
vt 0.101769 0.494241
vt 0.105557 0.963200
vt 0.100187 0.024929
vt 0.115409 0.494554
vt 0.126721 0.963210
vt 0.114803 0.025442
vt 0.108072 0.012459
vt 0.137295 0.013787
vt 0.129414 0.026106
vt 0.000139 0.960218
vt 0.033529 0.492616
vt 0.021184 0.961728
vt 0.041655 0.024029
vt 0.130564 0.000803
vt 0.115953 0.000139
vt 0.094966 0.981521
vt 0.137295 0.981540
vt 0.126704 0.999861
vt 0.105540 0.999851
vt 0.744326 0.569613
vt 0.743824 0.560164
vt 0.806383 0.559199
vt 0.809574 0.569553
vt 0.396497 0.568573
vt 0.412590 0.554285
vt 0.496166 0.556254
vt 0.487827 0.568825
vt 0.887353 0.569719
vt 0.879649 0.558025
vt 0.956710 0.556315
vt 0.971611 0.569496
vt 0.571172 0.568976
vt 0.574624 0.558061
vt 0.639942 0.559732
vt 0.639365 0.569449
vt 0.692265 0.569411
vt 0.692294 0.561218
vt 0.744387 0.578449
vt 0.809642 0.578760
vt 0.806412 0.589303
vt 0.743742 0.588107
vt 0.396486 0.578549
vt 0.487866 0.578389
vt 0.496061 0.591008
vt 0.412624 0.592864
vt 0.887403 0.578590
vt 0.971611 0.578692
vt 0.956780 0.591885
vt 0.879801 0.590303
vt 0.571211 0.578718
vt 0.639499 0.578542
vt 0.640180 0.588493
vt 0.574617 0.589862
vt 0.692391 0.577994
vt 0.692414 0.586745
vt 0.743728 0.551601
vt 0.806268 0.550379
vt 0.879507 0.549280
vt 0.956535 0.547856
vt 0.412802 0.544726
vt 0.496425 0.546584
vt 0.574920 0.548596
vt 0.640251 0.550790
vt 0.692403 0.552678
vt 0.815915 0.132417
vt 0.830584 0.132417
vt 0.830584 0.147086
vt 0.815915 0.147086
vt 0.845252 0.132417
vt 0.845253 0.147086
vt 0.845253 0.161755
vt 0.830584 0.161755
vt 0.815915 0.161755
vt 0.830584 0.176220
vt 0.815304 0.175812
vt 0.845864 0.175812
vt 0.850142 0.186203
vt 0.830584 0.190277
vt 0.811026 0.186203
vt 0.830584 0.205761
vt 0.815100 0.205761
vt 0.850142 0.186203
vt 0.846067 0.205761
vt 0.850142 0.225319
vt 0.830584 0.221245
vt 0.811026 0.225319
vt 0.830584 0.235302
vt 0.815304 0.235710
vt 0.845864 0.235710
vt 0.845252 0.249767
vt 0.830584 0.249767
vt 0.815915 0.249767
vt 0.786578 0.191092
vt 0.800635 0.190481
vt 0.801043 0.205761
vt 0.786578 0.205761
vt 0.800635 0.221041
vt 0.786578 0.220430
vt 0.860532 0.190481
vt 0.860125 0.205761
vt 0.874590 0.191092
vt 0.874590 0.205761
vt 0.874590 0.220430
vt 0.860532 0.221041
vt 0.816889 0.384658
vt 0.831558 0.384658
vt 0.831558 0.399326
vt 0.816889 0.399326
vt 0.846226 0.384658
vt 0.846226 0.399326
vt 0.846226 0.413995
vt 0.831558 0.413995
vt 0.816889 0.413995
vt 0.831558 0.428460
vt 0.816278 0.428053
vt 0.846838 0.428053
vt 0.851116 0.438443
vt 0.831558 0.442518
vt 0.811999 0.438443
vt 0.831558 0.458001
vt 0.816074 0.458001
vt 0.851116 0.438443
vt 0.847041 0.458001
vt 0.851116 0.477560
vt 0.831558 0.473485
vt 0.811999 0.477560
vt 0.831558 0.487543
vt 0.816278 0.487950
vt 0.846838 0.487950
vt 0.846226 0.502007
vt 0.831558 0.502007
vt 0.816889 0.502007
vt 0.787552 0.443333
vt 0.801609 0.442721
vt 0.802016 0.458001
vt 0.787552 0.458001
vt 0.801609 0.473281
vt 0.787552 0.472670
vt 0.861506 0.442721
vt 0.861099 0.458001
vt 0.875564 0.443333
vt 0.875564 0.458001
vt 0.875564 0.472670
vt 0.861506 0.473281
vt 0.721447 0.382710
vt 0.736115 0.382710
vt 0.736115 0.397379
vt 0.721447 0.397379
vt 0.750784 0.382710
vt 0.750784 0.397379
vt 0.750784 0.412047
vt 0.736115 0.412047
vt 0.721447 0.412047
vt 0.736115 0.426512
vt 0.720836 0.426105
vt 0.751395 0.426105
vt 0.755674 0.436495
vt 0.736115 0.440570
vt 0.716557 0.436495
vt 0.736115 0.456053
vt 0.720632 0.456053
vt 0.751599 0.456053
vt 0.755674 0.475612
vt 0.736115 0.471537
vt 0.716557 0.475612
vt 0.736115 0.485595
vt 0.720836 0.486002
vt 0.751395 0.486002
vt 0.750784 0.500060
vt 0.736115 0.500060
vt 0.721447 0.500060
vt 0.692109 0.441385
vt 0.706167 0.440774
vt 0.706574 0.456053
vt 0.692109 0.456053
vt 0.706167 0.471333
vt 0.692109 0.470722
vt 0.766064 0.440774
vt 0.765657 0.456053
vt 0.780122 0.441385
vt 0.780122 0.456053
vt 0.780122 0.470722
vt 0.766064 0.471333
vt 0.926940 0.382710
vt 0.926940 0.397379
vt 0.941608 0.397379
vt 0.941608 0.382710
vt 0.956277 0.397379
vt 0.956277 0.382710
vt 0.941608 0.412047
vt 0.956277 0.412047
vt 0.926940 0.412047
vt 0.926329 0.426105
vt 0.941608 0.426512
vt 0.956888 0.426105
vt 0.941608 0.440570
vt 0.961167 0.436495
vt 0.922050 0.436495
vt 0.926125 0.456053
vt 0.941608 0.456053
vt 0.957092 0.456053
vt 0.961167 0.436495
vt 0.941608 0.471537
vt 0.961167 0.475612
vt 0.922050 0.475612
vt 0.926329 0.486002
vt 0.941608 0.485595
vt 0.956888 0.486002
vt 0.941608 0.500060
vt 0.956277 0.500060
vt 0.926940 0.500060
vt 0.897602 0.441385
vt 0.897602 0.456053
vt 0.912067 0.456053
vt 0.911660 0.440774
vt 0.911660 0.471333
vt 0.897602 0.470722
vt 0.971150 0.456053
vt 0.971557 0.440774
vt 0.985615 0.456053
vt 0.985615 0.441385
vt 0.971557 0.471333
vt 0.985615 0.470722
vt 0.719499 0.255129
vt 0.719499 0.269798
vt 0.734168 0.269798
vt 0.734168 0.255129
vt 0.748836 0.269798
vt 0.748836 0.255129
vt 0.734168 0.284466
vt 0.748836 0.284466
vt 0.719499 0.284466
vt 0.718888 0.298524
vt 0.734168 0.298931
vt 0.749447 0.298524
vt 0.734168 0.312989
vt 0.753726 0.308914
vt 0.714609 0.308914
vt 0.718684 0.328472
vt 0.734168 0.328472
vt 0.749651 0.328472
vt 0.753726 0.308914
vt 0.734168 0.343956
vt 0.753726 0.348031
vt 0.714609 0.348031
vt 0.718888 0.358421
vt 0.734168 0.358014
vt 0.749448 0.358421
vt 0.734168 0.372479
vt 0.748836 0.372479
vt 0.719499 0.372479
vt 0.690161 0.313804
vt 0.690161 0.328472
vt 0.704626 0.328472
vt 0.704219 0.313193
vt 0.704219 0.343752
vt 0.690161 0.343141
vt 0.763709 0.328472
vt 0.764116 0.313193
vt 0.778174 0.328472
vt 0.778174 0.313804
vt 0.764116 0.343752
vt 0.778174 0.343141
vt 0.815915 0.259998
vt 0.815915 0.274667
vt 0.830584 0.274667
vt 0.830584 0.259998
vt 0.845253 0.274667
vt 0.845252 0.259998
vt 0.830584 0.289336
vt 0.845253 0.289336
vt 0.815915 0.289336
vt 0.815304 0.303393
vt 0.830584 0.303801
vt 0.845864 0.303393
vt 0.830584 0.317858
vt 0.850142 0.313784
vt 0.811026 0.313784
vt 0.815100 0.333342
vt 0.830584 0.333342
vt 0.846067 0.333342
vt 0.850142 0.313784
vt 0.830584 0.348826
vt 0.850142 0.352900
vt 0.811026 0.352900
vt 0.815304 0.363291
vt 0.830584 0.362883
vt 0.845864 0.363291
vt 0.830584 0.377348
vt 0.845252 0.377348
vt 0.815915 0.377348
vt 0.786578 0.318673
vt 0.786578 0.333342
vt 0.801043 0.333342
vt 0.800635 0.318062
vt 0.800635 0.348622
vt 0.786578 0.348011
vt 0.860125 0.333342
vt 0.860532 0.318062
vt 0.874590 0.333342
vt 0.874590 0.318673
vt 0.860532 0.348622
vt 0.874590 0.348011
vt 0.719499 0.131444
vt 0.719499 0.146112
vt 0.734168 0.146112
vt 0.734168 0.131444
vt 0.748836 0.146112
vt 0.748836 0.131444
vt 0.734168 0.160781
vt 0.748836 0.160781
vt 0.719499 0.160781
vt 0.718888 0.174839
vt 0.734168 0.175246
vt 0.749447 0.174839
vt 0.734168 0.189304
vt 0.753726 0.185229
vt 0.714609 0.185229
vt 0.718684 0.204787
vt 0.734168 0.204787
vt 0.749651 0.204787
vt 0.753726 0.185229
vt 0.734168 0.220271
vt 0.753726 0.224345
vt 0.714609 0.224345
vt 0.718888 0.234736
vt 0.734168 0.234328
vt 0.749448 0.234736
vt 0.734168 0.248793
vt 0.748836 0.248793
vt 0.719499 0.248793
vt 0.690161 0.190118
vt 0.690161 0.204787
vt 0.704626 0.204787
vt 0.704219 0.189507
vt 0.704219 0.220067
vt 0.690161 0.219456
vt 0.763709 0.204787
vt 0.764116 0.189507
vt 0.778174 0.204787
vt 0.778174 0.190118
vt 0.764116 0.220067
vt 0.778174 0.219456
vt 0.815915 0.007758
vt 0.815915 0.022427
vt 0.830584 0.022427
vt 0.830584 0.007758
vt 0.845253 0.022427
vt 0.845252 0.007758
vt 0.830584 0.037096
vt 0.845253 0.037096
vt 0.815915 0.037096
vt 0.815304 0.051153
vt 0.830584 0.051561
vt 0.845864 0.051153
vt 0.830584 0.065618
vt 0.850142 0.061543
vt 0.811026 0.061543
vt 0.815100 0.081102
vt 0.830584 0.081102
vt 0.846067 0.081102
vt 0.850142 0.061543
vt 0.830584 0.096585
vt 0.850142 0.100660
vt 0.811026 0.100660
vt 0.815304 0.111050
vt 0.830584 0.110643
vt 0.845864 0.111050
vt 0.830584 0.125108
vt 0.845252 0.125108
vt 0.815915 0.125108
vt 0.786578 0.066433
vt 0.786578 0.081102
vt 0.801043 0.081102
vt 0.800635 0.065822
vt 0.800635 0.096382
vt 0.786578 0.095770
vt 0.860125 0.081102
vt 0.860532 0.065822
vt 0.874590 0.081102
vt 0.874590 0.066433
vt 0.860532 0.096382
vt 0.874590 0.095770
vt 0.920122 0.011654
vt 0.920122 0.026323
vt 0.934791 0.026323
vt 0.934791 0.011654
vt 0.949460 0.026323
vt 0.949460 0.011654
vt 0.934791 0.040991
vt 0.949460 0.040991
vt 0.920122 0.040991
vt 0.919511 0.055049
vt 0.934791 0.055456
vt 0.950071 0.055049
vt 0.934791 0.069514
vt 0.954350 0.065439
vt 0.915233 0.065439
vt 0.919308 0.084997
vt 0.934791 0.084997
vt 0.950275 0.084997
vt 0.954349 0.065439
vt 0.934791 0.100481
vt 0.954349 0.104556
vt 0.915233 0.104556
vt 0.919511 0.114946
vt 0.934791 0.114539
vt 0.950071 0.114946
vt 0.934791 0.129003
vt 0.949460 0.129003
vt 0.920122 0.129003
vt 0.890785 0.070329
vt 0.890785 0.084997
vt 0.905250 0.084997
vt 0.904843 0.069717
vt 0.904843 0.100277
vt 0.890785 0.099666
vt 0.964332 0.084997
vt 0.964740 0.069717
vt 0.978797 0.084997
vt 0.978797 0.070329
vt 0.964740 0.100277
vt 0.978797 0.099666
vt 0.717551 0.009706
vt 0.732220 0.009706
vt 0.732220 0.024375
vt 0.717551 0.024375
vt 0.746889 0.009706
vt 0.746889 0.024375
vt 0.746889 0.039043
vt 0.732220 0.039043
vt 0.717551 0.039043
vt 0.732220 0.053508
vt 0.716940 0.053101
vt 0.747500 0.053101
vt 0.751778 0.063491
vt 0.732220 0.067566
vt 0.712662 0.063491
vt 0.732220 0.083050
vt 0.716736 0.083050
vt 0.751778 0.063491
vt 0.747703 0.083050
vt 0.751778 0.102608
vt 0.732220 0.098533
vt 0.712662 0.102608
vt 0.732220 0.112591
vt 0.716940 0.112998
vt 0.747500 0.112998
vt 0.746889 0.127056
vt 0.732220 0.127056
vt 0.717551 0.127056
vt 0.688214 0.068381
vt 0.702271 0.067770
vt 0.702679 0.083050
vt 0.688214 0.083050
vt 0.702271 0.098329
vt 0.688214 0.097718
vt 0.762168 0.067770
vt 0.761761 0.083050
vt 0.776226 0.068381
vt 0.776226 0.083050
vt 0.776226 0.097718
vt 0.762168 0.098329
vt 0.926940 0.259025
vt 0.941608 0.259025
vt 0.941608 0.273693
vt 0.926940 0.273693
vt 0.956277 0.259025
vt 0.956277 0.273693
vt 0.956277 0.288362
vt 0.941608 0.288362
vt 0.926940 0.288362
vt 0.941608 0.302827
vt 0.926329 0.302419
vt 0.956888 0.302419
vt 0.961167 0.312810
vt 0.941608 0.316884
vt 0.922050 0.312810
vt 0.941608 0.332368
vt 0.926125 0.332368
vt 0.961167 0.312810
vt 0.957092 0.332368
vt 0.961167 0.351926
vt 0.941608 0.347852
vt 0.922050 0.351926
vt 0.941608 0.361909
vt 0.926329 0.362317
vt 0.956888 0.362317
vt 0.956277 0.376374
vt 0.941608 0.376374
vt 0.926940 0.376374
vt 0.897602 0.317699
vt 0.911660 0.317088
vt 0.912067 0.332368
vt 0.897602 0.332368
vt 0.911660 0.347648
vt 0.897602 0.347037
vt 0.971557 0.317088
vt 0.971150 0.332368
vt 0.985615 0.317699
vt 0.985615 0.332368
vt 0.985615 0.347037
vt 0.971557 0.347648
vt 0.921096 0.136313
vt 0.935765 0.136313
vt 0.935765 0.150982
vt 0.921096 0.150982
vt 0.950434 0.136313
vt 0.950434 0.150982
vt 0.950434 0.165651
vt 0.935765 0.165651
vt 0.921096 0.165651
vt 0.935765 0.180116
vt 0.920485 0.179708
vt 0.951045 0.179708
vt 0.955323 0.190098
vt 0.935765 0.194173
vt 0.916207 0.190098
vt 0.935765 0.209657
vt 0.920281 0.209657
vt 0.951249 0.209657
vt 0.955323 0.229215
vt 0.935765 0.225140
vt 0.916207 0.229215
vt 0.935765 0.239198
vt 0.920485 0.239605
vt 0.951045 0.239605
vt 0.950434 0.253663
vt 0.935765 0.253663
vt 0.921096 0.253663
vt 0.891759 0.194988
vt 0.905816 0.194377
vt 0.906224 0.209657
vt 0.891759 0.209657
vt 0.905816 0.224937
vt 0.891759 0.224325
vt 0.965714 0.194377
vt 0.965306 0.209657
vt 0.979771 0.194988
vt 0.979771 0.209657
vt 0.979771 0.224325
vt 0.965714 0.224937
vt 0.933225 0.675151
vt 0.919436 0.683112
vt 0.919436 0.667190
vt 0.952802 0.767929
vt 0.952802 0.782482
vt 0.940199 0.775206
vt 0.821945 0.888548
vt 0.844795 0.887617
vt 0.845178 0.901384
vt 0.821999 0.901600
vt 0.933225 0.659229
vt 0.965405 0.775206
vt 0.845178 0.915251
vt 0.821792 0.914836
vt 0.947014 0.667190
vt 0.965405 0.760653
vt 0.844793 0.929219
vt 0.821339 0.928123
vt 0.947014 0.683112
vt 0.952802 0.753376
vt 0.843942 0.943269
vt 0.820590 0.941317
vt 0.933225 0.691073
vt 0.940199 0.760653
vt 0.842452 0.957386
vt 0.819458 0.954306
vt 0.821551 0.875827
vt 0.843943 0.873935
vt 0.774485 0.873739
vt 0.796675 0.876117
vt 0.796068 0.888410
vt 0.772550 0.886568
vt 0.770948 0.940440
vt 0.794448 0.939966
vt 0.794212 0.952369
vt 0.771992 0.953081
vt 0.770444 0.927120
vt 0.794681 0.927222
vt 0.770574 0.913563
vt 0.795036 0.914187
vt 0.771259 0.899951
vt 0.795500 0.901176
vt 0.745529 0.882470
vt 0.743843 0.897895
vt 0.743222 0.913218
vt 0.743519 0.928387
vt 0.744747 0.943376
vt 0.747036 0.958099
vt 0.748665 0.866966
vt 0.891292 0.777415
vt 0.891292 0.801454
vt 0.870474 0.789434
vt 0.889502 0.823681
vt 0.889502 0.845653
vt 0.870474 0.834667
vt 0.723470 0.648304
vt 0.757991 0.646895
vt 0.758571 0.667695
vt 0.723551 0.668018
vt 0.870474 0.765396
vt 0.908530 0.834667
vt 0.758571 0.688650
vt 0.723234 0.688011
vt 0.891292 0.753376
vt 0.908530 0.812695
vt 0.757986 0.709764
vt 0.722535 0.708085
vt 0.912110 0.765396
vt 0.889502 0.801709
vt 0.756692 0.731009
vt 0.721384 0.728039
vt 0.912110 0.789434
vt 0.870474 0.812695
vt 0.754428 0.752357
vt 0.719656 0.747682
vt 0.722870 0.629089
vt 0.756700 0.626225
vt 0.651818 0.625979
vt 0.685300 0.629543
vt 0.684391 0.648099
vt 0.648906 0.645335
vt 0.646325 0.726610
vt 0.681852 0.725965
vt 0.681461 0.744712
vt 0.647855 0.745690
vt 0.645718 0.706574
vt 0.682280 0.706637
vt 0.645925 0.686083
vt 0.682825 0.686993
vt 0.646961 0.665533
vt 0.683532 0.667365
vt 0.608146 0.639158
vt 0.605606 0.662420
vt 0.604663 0.685520
vt 0.605086 0.708370
vt 0.606865 0.730918
vt 0.610232 0.753121
vt 0.612870 0.615771
vt 0.926154 0.769298
vt 0.926154 0.753376
vt 0.939943 0.761337
vt 0.953046 0.816262
vt 0.965649 0.823539
vt 0.953046 0.830815
vt 0.683136 0.924056
vt 0.706639 0.924464
vt 0.706245 0.938504
vt 0.682685 0.937391
vt 0.939943 0.777260
vt 0.965649 0.808986
vt 0.705377 0.952619
vt 0.681925 0.950639
vt 0.926154 0.785221
vt 0.953046 0.801709
vt 0.703865 0.966795
vt 0.680774 0.963676
vt 0.912365 0.777259
vt 0.940443 0.808986
vt 0.682796 0.884797
vt 0.705365 0.882852
vt 0.706244 0.896648
vt 0.683233 0.897633
vt 0.912365 0.761337
vt 0.940443 0.823539
vt 0.706639 0.910514
vt 0.683321 0.910762
vt 0.632517 0.909327
vt 0.656715 0.910440
vt 0.656300 0.923444
vt 0.631878 0.922901
vt 0.633718 0.896004
vt 0.657198 0.897679
vt 0.635343 0.883253
vt 0.657679 0.885187
vt 0.632176 0.949701
vt 0.655697 0.949268
vt 0.655437 0.961692
vt 0.633186 0.962325
vt 0.631765 0.936448
vt 0.655968 0.936461
vt 0.604663 0.922550
vt 0.604927 0.937642
vt 0.606093 0.952548
vt 0.608313 0.967229
vt 0.609989 0.877056
vt 0.607027 0.892027
vt 0.605311 0.907318
vt 0.933082 0.714895
vt 0.933082 0.730817
vt 0.919293 0.722856
vt 0.935257 0.630324
vt 0.922653 0.637600
vt 0.922653 0.623047
vt 0.924125 0.888514
vt 0.946990 0.887581
vt 0.947374 0.901357
vt 0.924178 0.901572
vt 0.919293 0.706933
vt 0.935257 0.644877
vt 0.947374 0.915237
vt 0.923968 0.914814
vt 0.933082 0.698972
vt 0.947860 0.637600
vt 0.946987 0.929222
vt 0.923506 0.928110
vt 0.946871 0.706933
vt 0.947860 0.623047
vt 0.946129 0.943294
vt 0.922743 0.941327
vt 0.946871 0.722856
vt 0.935257 0.615771
vt 0.944630 0.957434
vt 0.921599 0.954337
vt 0.923727 0.875787
vt 0.946135 0.873890
vt 0.876666 0.873727
vt 0.898843 0.876088
vt 0.898240 0.888378
vt 0.874737 0.886548
vt 0.873028 0.940380
vt 0.896559 0.939953
vt 0.896300 0.952370
vt 0.874041 0.953018
vt 0.872626 0.927109
vt 0.896842 0.927151
vt 0.872763 0.913537
vt 0.897203 0.914140
vt 0.873449 0.899926
vt 0.897672 0.901139
vt 0.847740 0.882456
vt 0.846057 0.897864
vt 0.845433 0.913164
vt 0.845713 0.928299
vt 0.846891 0.943234
vt 0.849122 0.957940
vt 0.850869 0.866966
vt 0.903691 0.637372
vt 0.922398 0.648173
vt 0.903691 0.658974
vt 0.902082 0.678973
vt 0.919181 0.669101
vt 0.919181 0.688845
vt 0.709549 0.854261
vt 0.741277 0.856930
vt 0.739243 0.876114
vt 0.707997 0.871913
vt 0.884983 0.648173
vt 0.902082 0.659229
vt 0.710885 0.765344
vt 0.741285 0.762770
vt 0.742445 0.781345
vt 0.711424 0.782611
vt 0.884983 0.626571
vt 0.884983 0.669101
vt 0.742966 0.800035
vt 0.711496 0.800326
vt 0.903691 0.615771
vt 0.884983 0.688845
vt 0.742966 0.818866
vt 0.711212 0.818292
vt 0.922398 0.626571
vt 0.902082 0.698717
vt 0.742440 0.837839
vt 0.710584 0.836331
vt 0.641556 0.834973
vt 0.674410 0.835030
vt 0.674026 0.852397
vt 0.642101 0.852978
vt 0.641741 0.816559
vt 0.674900 0.817377
vt 0.642673 0.798093
vt 0.675535 0.799739
vt 0.644420 0.779943
vt 0.676307 0.782427
vt 0.647037 0.762550
vt 0.677124 0.765752
vt 0.673674 0.869244
vt 0.643476 0.870122
vt 0.606641 0.856849
vt 0.609668 0.876800
vt 0.612038 0.753376
vt 0.607793 0.774392
vt 0.605510 0.795296
vt 0.604663 0.816053
vt 0.605043 0.836586
vt 0.902010 0.718634
vt 0.902010 0.738295
vt 0.884983 0.728464
vt 0.722458 0.934953
vt 0.722458 0.952924
vt 0.706894 0.943938
vt 0.855533 0.626683
vt 0.883200 0.624344
vt 0.884254 0.641249
vt 0.856022 0.642401
vt 0.884983 0.708803
vt 0.738021 0.943938
vt 0.884728 0.658258
vt 0.856089 0.658526
vt 0.902010 0.698972
vt 0.738021 0.925968
vt 0.884728 0.675393
vt 0.855834 0.674877
vt 0.919038 0.708803
vt 0.722458 0.916982
vt 0.884251 0.692654
vt 0.855271 0.691287
vt 0.919038 0.728465
vt 0.706894 0.925967
vt 0.883194 0.710019
vt 0.854335 0.707596
vt 0.881347 0.727467
vt 0.852927 0.723649
vt 0.792998 0.706448
vt 0.822029 0.705912
vt 0.821717 0.721232
vt 0.794262 0.722047
vt 0.792501 0.690049
vt 0.822370 0.690122
vt 0.792558 0.673273
vt 0.822774 0.674082
vt 0.793409 0.656478
vt 0.823351 0.658004
vt 0.795002 0.639956
vt 0.824053 0.642233
vt 0.797387 0.624113
vt 0.824801 0.627046
vt 0.765501 0.615771
vt 0.761643 0.634917
vt 0.759575 0.653961
vt 0.758827 0.672875
vt 0.759222 0.691589
vt 0.760721 0.710023
vt 0.763506 0.728172
vt 0.724072 0.896891
vt 0.724072 0.916727
vt 0.706894 0.906809
vt 0.924486 0.819839
vt 0.924486 0.837969
vt 0.908785 0.828904
vt 0.840759 0.764365
vt 0.868674 0.762002
vt 0.869739 0.779058
vt 0.841255 0.780221
vt 0.706894 0.886973
vt 0.940187 0.828904
vt 0.870218 0.796221
vt 0.841321 0.796488
vt 0.724072 0.877056
vt 0.940187 0.810774
vt 0.870218 0.813512
vt 0.841060 0.812985
vt 0.741250 0.886973
vt 0.924486 0.801709
vt 0.869735 0.830934
vt 0.840483 0.829549
vt 0.741250 0.906809
vt 0.908785 0.810774
vt 0.868667 0.848465
vt 0.839533 0.846014
vt 0.866800 0.866080
vt 0.838107 0.862222
vt 0.777599 0.844835
vt 0.806913 0.844302
vt 0.806591 0.859772
vt 0.778861 0.860578
vt 0.777098 0.828302
vt 0.807267 0.828354
vt 0.777268 0.811394
vt 0.807716 0.812145
vt 0.778124 0.794437
vt 0.808300 0.795949
vt 0.779728 0.777771
vt 0.809008 0.780052
vt 0.782131 0.761800
vt 0.809758 0.764740
vt 0.749993 0.753376
vt 0.746095 0.772674
vt 0.743999 0.791869
vt 0.743222 0.810929
vt 0.743570 0.829784
vt 0.745038 0.848390
vt 0.747817 0.866710
vt 0.232070 0.661548
vt 0.246667 0.662800
vt 0.245824 0.669382
vt 0.230295 0.671396
vt 0.212822 0.657114
vt 0.212711 0.671591
vt 0.198600 0.655327
vt 0.199809 0.673863
vt 0.187363 0.653166
vt 0.189781 0.674266
vt 0.170221 0.652883
vt 0.170637 0.674240
vt 0.167752 0.652754
vt 0.167555 0.674966
vt 0.259316 0.666201
vt 0.283858 0.665350
vt 0.259457 0.671557
vt 0.262240 0.678562
vt 0.246496 0.677102
vt 0.231960 0.681771
vt 0.214238 0.684478
vt 0.202045 0.688119
vt 0.190323 0.691809
vt 0.185068 0.692238
vt 0.175560 0.693958
vt 0.208970 0.702572
vt 0.201341 0.704996
vt 0.189867 0.712437
vt 0.176567 0.718503
vt 0.265112 0.683386
vt 0.249864 0.686581
vt 0.235920 0.691325
vt 0.221309 0.697569
vt 0.266754 0.686023
vt 0.255093 0.696793
vt 0.240127 0.698560
vt 0.226377 0.711500
vt 0.214798 0.718341
vt 0.205245 0.724699
vt 0.199690 0.729873
vt 0.188686 0.737875
vt 0.225866 0.731434
vt 0.217382 0.739661
vt 0.212413 0.745713
vt 0.209847 0.748992
vt 0.269367 0.688177
vt 0.258219 0.700830
vt 0.246686 0.710505
vt 0.234818 0.722565
vt 0.265707 0.704271
vt 0.255492 0.717054
vt 0.248218 0.729610
vt 0.239571 0.741378
vt 0.234908 0.749589
vt 0.229757 0.758627
vt 0.225224 0.766787
vt 0.272294 0.689765
vt 0.250295 0.763243
vt 0.247982 0.769575
vt 0.246849 0.772822
vt 0.276203 0.690911
vt 0.271401 0.707052
vt 0.264656 0.721771
vt 0.260203 0.735239
vt 0.255304 0.748227
vt 0.276317 0.723245
vt 0.273458 0.738280
vt 0.271736 0.753145
vt 0.270231 0.764085
vt 0.269192 0.774059
vt 0.267886 0.781562
vt 0.280147 0.692106
vt 0.278093 0.708536
vt 0.290361 0.773327
vt 0.290733 0.781704
vt 0.283390 0.692251
vt 0.285208 0.708727
vt 0.287251 0.724575
vt 0.288143 0.741596
vt 0.288992 0.754940
vt 0.289667 0.767313
vt 0.298033 0.722149
vt 0.302152 0.737820
vt 0.305516 0.749905
vt 0.308506 0.763818
vt 0.309960 0.769985
vt 0.312219 0.777030
vt 0.287465 0.692177
vt 0.294265 0.706368
vt 0.330270 0.764194
vt 0.332547 0.768676
vt 0.294552 0.690666
vt 0.303471 0.705730
vt 0.308948 0.719098
vt 0.314450 0.732131
vt 0.320732 0.744649
vt 0.325712 0.754509
vt 0.324281 0.725959
vt 0.336481 0.737257
vt 0.342705 0.745192
vt 0.347245 0.751413
vt 0.349947 0.755078
vt 0.298074 0.688042
vt 0.308196 0.702447
vt 0.318306 0.713721
vt 0.301014 0.684320
vt 0.312292 0.692978
vt 0.325249 0.706524
vt 0.337058 0.717072
vt 0.347608 0.723766
vt 0.354539 0.730261
vt 0.362902 0.738191
vt 0.367787 0.742523
vt 0.344016 0.706355
vt 0.355574 0.711900
vt 0.368562 0.718545
vt 0.377193 0.723487
vt 0.379102 0.724304
vt 0.304470 0.678900
vt 0.316794 0.687642
vt 0.330639 0.697355
vt 0.306334 0.676051
vt 0.320262 0.681667
vt 0.334132 0.688094
vt 0.350129 0.693531
vt 0.362332 0.697547
vt 0.373397 0.700538
vt 0.383137 0.702858
vt 0.393994 0.706563
vt 0.366931 0.681195
vt 0.383068 0.682956
vt 0.389177 0.683454
vt 0.391948 0.683802
vt 0.308233 0.671343
vt 0.321449 0.672790
vt 0.338907 0.678412
vt 0.353062 0.679245
vt 0.321640 0.667895
vt 0.336819 0.666565
vt 0.351962 0.664679
vt 0.368804 0.664392
vt 0.379431 0.663421
vt 0.387050 0.662703
vt 0.393994 0.662418
vt 0.309632 0.667105
vt 0.372751 0.645275
vt 0.377621 0.643351
vt 0.391990 0.639769
vt 0.308242 0.658029
vt 0.321770 0.662615
vt 0.335110 0.651443
vt 0.349766 0.650248
vt 0.361617 0.648110
vt 0.323103 0.649015
vt 0.333957 0.641475
vt 0.346568 0.636690
vt 0.357894 0.632588
vt 0.366990 0.628738
vt 0.372622 0.626488
vt 0.386003 0.618137
vt 0.308125 0.654957
vt 0.360285 0.610317
vt 0.371257 0.601421
vt 0.374556 0.598687
vt 0.306162 0.652340
vt 0.317020 0.640687
vt 0.327843 0.631523
vt 0.338252 0.625040
vt 0.350295 0.617783
vt 0.322413 0.625021
vt 0.331679 0.612241
vt 0.341285 0.601800
vt 0.348260 0.594484
vt 0.354107 0.588291
vt 0.360851 0.581254
vt 0.301185 0.648730
vt 0.312043 0.636243
vt 0.338921 0.574057
vt 0.340287 0.572002
vt 0.297509 0.644075
vt 0.306722 0.631781
vt 0.314234 0.617048
vt 0.320995 0.605012
vt 0.328289 0.591404
vt 0.332799 0.583020
vt 0.304687 0.613598
vt 0.309558 0.598221
vt 0.313934 0.585836
vt 0.315919 0.577022
vt 0.318793 0.566751
vt 0.323500 0.556004
vt 0.292440 0.641421
vt 0.300046 0.626601
vt 0.299970 0.559751
vt 0.301496 0.551141
vt 0.289532 0.640853
vt 0.289678 0.627616
vt 0.292749 0.611266
vt 0.295263 0.597451
vt 0.297270 0.581657
vt 0.298487 0.566348
vt 0.281751 0.592690
vt 0.280360 0.581856
vt 0.279970 0.568964
vt 0.280550 0.560246
vt 0.280076 0.557552
vt 0.286719 0.640687
vt 0.281422 0.626067
vt 0.281761 0.609784
vt 0.277470 0.640220
vt 0.274411 0.627274
vt 0.271031 0.611558
vt 0.267835 0.594669
vt 0.263852 0.579500
vt 0.261768 0.570684
vt 0.260485 0.565092
vt 0.256762 0.551315
vt 0.248969 0.590132
vt 0.243667 0.577483
vt 0.239001 0.567674
vt 0.235149 0.559529
vt 0.271711 0.643934
vt 0.268163 0.629431
vt 0.261434 0.615248
vt 0.254440 0.601703
vt 0.269057 0.645711
vt 0.260470 0.632738
vt 0.249446 0.618884
vt 0.242790 0.607407
vt 0.235286 0.597473
vt 0.225470 0.586298
vt 0.222278 0.581213
vt 0.216457 0.573473
vt 0.216595 0.604169
vt 0.209245 0.598304
vt 0.202092 0.591499
vt 0.196699 0.586438
vt 0.266935 0.648059
vt 0.255509 0.637986
vt 0.244372 0.630021
vt 0.230661 0.617170
vt 0.249955 0.642834
vt 0.234431 0.637526
vt 0.222210 0.630105
vt 0.211009 0.624128
vt 0.199783 0.618490
vt 0.190020 0.611144
vt 0.185084 0.607515
vt 0.261366 0.652476
vt 0.193648 0.635564
vt 0.189296 0.633960
vt 0.170730 0.627198
vt 0.259490 0.661304
vt 0.245549 0.650879
vt 0.230049 0.647615
vt 0.216968 0.641871
vt 0.202731 0.638711
vt 0.268268 0.995204
vt 0.337943 0.983810
vt 0.336258 0.980902
vt 0.268894 0.992123
vt 0.335539 0.875065
vt 0.311244 0.848375
vt 0.303233 0.862627
vt 0.319896 0.880807
vt 0.378816 0.860817
vt 0.334031 0.810038
vt 0.298031 0.872816
vt 0.308996 0.885321
vt 0.296758 0.875023
vt 0.306527 0.886168
vt 0.275807 0.843895
vt 0.278917 0.859908
vt 0.269241 0.800412
vt 0.281734 0.871072
vt 0.282279 0.873572
vt 0.268689 0.797599
vt 0.335489 0.807306
vt 0.258404 0.873724
vt 0.267934 0.880635
vt 0.269990 0.882252
vt 0.245653 0.863318
vt 0.212573 0.833961
vt 0.234678 0.897501
vt 0.251099 0.897520
vt 0.190857 0.895954
vt 0.262852 0.896986
vt 0.265470 0.897014
vt 0.212149 0.957344
vt 0.247559 0.930775
vt 0.270831 0.911123
vt 0.283722 0.918001
vt 0.298021 0.914169
vt 0.260220 0.920423
vt 0.268825 0.912726
vt 0.281880 0.931923
vt 0.283312 0.920523
vt 0.278969 0.948108
vt 0.314545 0.940527
vt 0.306039 0.926158
vt 0.381935 0.859630
vt 0.307064 0.901631
vt 0.299418 0.916376
vt 0.381935 0.929347
vt 0.379144 0.928359
vt 0.336860 0.911523
vt 0.210075 0.831912
vt 0.321044 0.905917
vt 0.309568 0.902508
vt 0.188012 0.895947
vt 0.209758 0.959236
vt 0.414877 0.781129
vt 0.430423 0.736149
vt 0.407097 0.715122
vt 0.383493 0.780018
vt 0.471651 0.780494
vt 0.474146 0.772140
vt 0.455729 0.757997
vt 0.448330 0.781599
vt 0.518823 0.790899
vt 0.503786 0.810522
vt 0.520073 0.839713
vt 0.550086 0.802791
vt 0.473690 0.780416
vt 0.475735 0.773395
vt 0.489180 0.770486
vt 0.481875 0.769470
vt 0.481491 0.767474
vt 0.476545 0.744738
vt 0.479689 0.815838
vt 0.473392 0.848675
vt 0.471226 0.711729
vt 0.466884 0.680637
vt 0.457821 0.804432
vt 0.431874 0.825560
vt 0.490170 0.768694
vt 0.518166 0.719255
vt 0.534827 0.692644
vt 0.476631 0.787250
vt 0.494226 0.775937
vt 0.501006 0.747977
vt 0.549322 0.755207
vt 0.579201 0.745523
vt 0.483172 0.790742
vt 0.494644 0.783319
vt 0.496129 0.775181
vt 0.517712 0.766201
vt 0.496580 0.783947
vt 0.579201 0.814585
vt 0.490301 0.789187
vt 0.491357 0.790915
vt 0.534782 0.867452
vt 0.466835 0.879361
vt 0.482842 0.792753
vt 0.475090 0.788604
vt 0.407127 0.844863
s 1
usemtl Material.018
f 19/1/1 24/2/2 26/3/3 33/4/4
f 5/5/5 1/6/6 15/7/7 7/8/8
f 2/9/9 4/10/10 6/11/11 1/6/6
f 27/12/12 34/13/13 35/14/14 29/15/15
f 7/8/8 15/7/7 16/16/16 9/17/17
f 1/6/6 6/11/11 8/18/18 15/7/7
f 20/19/19 22/20/20 24/2/2 19/1/1
f 9/17/17 16/16/16 17/21/21 11/22/22
f 15/7/7 8/18/18 10/23/23 16/16/16
f 23/24/24 19/1/1 33/4/4 25/25/25
f 11/22/22 17/21/21 18/26/26 13/27/27
f 16/16/16 10/23/23 12/28/28 17/21/21
f 12/29/28 10/30/23 4/10/10 14/31/29
f 13/27/27 18/26/26 2/32/9 3/33/30
f 17/21/21 12/28/28 14/34/29 18/26/26
f 25/25/25 33/4/4 34/13/13 27/12/12
f 3/35/30 2/9/9 1/6/6 5/5/5
f 18/26/26 14/34/29 4/36/10 2/32/9
f 6/11/11 4/10/10 10/30/23 8/37/18
f 33/4/4 26/3/3 28/38/31 34/13/13
f 29/15/15 35/14/14 36/39/32 31/40/33
f 34/13/13 28/38/31 30/41/34 35/14/14
f 30/41/34 28/42/31 22/43/20 32/44/35
f 31/45/33 36/46/32 20/19/19 21/47/36
f 35/14/14 30/41/34 32/44/35 36/39/32
f 21/47/36 20/19/19 19/1/1 23/24/24
f 36/46/32 32/48/35 22/20/20 20/19/19
f 24/49/2 22/43/20 28/42/31 26/50/3
f 55/51/32 69/52/14 62/53/34 60/54/35
f 41/55/27 43/56/22 51/57/21 37/58/26
f 38/59/9 37/60/26 42/61/29 40/62/10
f 63/63/12 65/64/25 71/65/4 70/66/13
f 43/56/22 45/67/17 52/68/16 51/57/21
f 37/58/26 51/57/21 44/69/28 42/70/29
f 56/71/19 55/72/32 60/73/35 58/74/20
f 45/67/17 47/75/8 53/76/7 52/68/16
f 51/57/21 52/68/16 46/77/23 44/69/28
f 59/78/33 61/79/15 69/52/14 55/51/32
f 47/75/8 49/80/5 54/81/6 53/76/7
f 52/68/16 53/76/7 48/82/18 46/77/23
f 48/83/18 50/84/11 40/85/10 46/86/23
f 49/80/5 39/87/30 38/59/9 54/81/6
f 53/76/7 54/81/6 50/88/11 48/82/18
f 61/79/15 63/63/12 70/66/13 69/52/14
f 39/87/30 41/89/27 37/60/26 38/59/9
f 54/81/6 38/59/9 40/62/10 50/88/11
f 42/70/29 44/69/28 46/86/23 40/85/10
f 69/52/14 70/66/13 64/90/31 62/53/34
f 65/64/25 67/91/24 72/92/1 71/65/4
f 70/66/13 71/65/4 66/93/3 64/90/31
f 66/94/3 68/95/2 58/74/20 64/96/31
f 67/91/24 57/97/36 56/71/19 72/92/1
f 71/65/4 72/92/1 68/98/2 66/93/3
f 57/97/36 59/99/33 55/72/32 56/71/19
f 72/92/1 56/71/19 58/74/20 68/98/2
f 60/73/35 62/100/34 64/96/31 58/74/20
f 77/101/37 73/102/38 87/103/39 79/104/40
f 74/105/41 76/106/42 78/107/43 73/102/38
f 79/104/40 87/103/39 88/108/44 81/109/45
f 73/102/38 78/107/43 80/110/46 87/103/39
f 81/109/45 88/108/44 89/111/47 83/112/48
f 87/103/39 80/110/46 82/113/49 88/108/44
f 83/112/48 89/111/47 90/114/50 85/115/51
f 88/108/44 82/113/49 84/116/52 89/111/47
f 84/116/52 82/117/49 76/118/42 86/119/53
f 85/120/51 90/121/50 74/105/41 75/122/54
f 89/111/47 84/116/52 86/119/53 90/114/50
f 75/122/54 74/105/41 73/102/38 77/101/37
f 90/121/50 86/123/53 76/106/42 74/105/41
f 78/124/43 76/118/42 82/117/49 80/125/46
f 81/126/45 83/112/48 85/115/51 75/127/54
f 75/127/54 77/128/37 79/129/40 81/126/45
f 106/130/55 108/131/56 107/132/57 105/133/58
f 95/134/59 98/135/60 100/136/61 94/137/62
f 104/138/63 96/139/64 97/140/65 103/141/66
f 93/142/67 101/143/68 102/144/69 92/145/70
f 91/146/71 99/147/72 108/131/56 106/130/55
f 105/133/58 107/132/57 96/139/64 104/138/63
f 94/137/62 100/136/61 101/143/68 93/142/67
f 92/145/70 102/144/69 99/147/72 91/146/71
f 124/148/73 123/149/74 125/150/75 126/151/76
f 113/152/77 112/153/78 118/154/79 116/155/80
f 122/156/81 121/157/82 115/158/83 114/159/84
f 111/160/85 110/161/86 120/162/87 119/163/88
f 109/164/89 124/148/73 126/151/76 117/165/90
f 123/149/74 122/156/81 114/159/84 125/150/75
f 112/153/78 111/160/85 119/163/88 118/154/79
f 110/161/86 109/164/89 117/165/90 120/162/87
f 107/132/57 108/131/56 126/166/76 125/167/75
f 105/133/58 104/138/63 122/156/81 123/149/74
f 96/139/64 107/132/57 125/167/75 114/168/84
f 106/130/55 105/133/58 123/149/74 124/148/73
f 97/140/65 96/139/64 114/168/84 115/169/83
f 92/145/70 91/146/71 109/164/89 110/161/86
f 91/146/71 106/130/55 124/148/73 109/164/89
f 100/136/61 98/135/60 116/170/80 118/171/79
f 93/142/67 92/145/70 110/161/86 111/160/85
f 101/143/68 100/136/61 118/171/79 119/172/88
f 94/137/62 93/142/67 111/160/85 112/153/78
f 102/144/69 101/143/68 119/172/88 120/173/87
f 95/134/59 94/137/62 112/153/78 113/152/77
f 99/147/72 102/144/69 120/173/87 117/174/90
f 108/131/56 99/147/72 117/174/90 126/166/76
f 104/138/63 103/141/66 121/157/82 122/156/81
s 0
f 127/175/91 136/176/91 147/177/91 135/178/91
f 136/176/92 128/179/92 137/180/92 147/177/92
f 147/177/93 137/180/93 130/181/93 138/182/93
f 135/178/94 147/177/94 138/182/94 129/183/94
f 129/183/95 138/182/95 148/184/95 139/185/95
f 138/182/96 130/181/96 140/186/96 148/184/96
f 148/184/97 140/186/97 134/187/97 141/188/97
f 139/185/98 148/184/98 141/188/98 133/189/98
f 133/189/99 141/188/99 149/190/99 142/191/99
f 141/188/100 134/192/100 143/193/100 149/190/100
f 149/190/101 143/193/101 132/194/101 144/195/101
f 142/191/102 149/190/102 144/195/102 131/196/102
f 131/196/103 144/195/103 150/197/103 145/198/103
f 144/195/104 132/194/104 146/199/104 150/197/104
f 150/197/105 146/199/105 128/200/105 136/201/105
f 145/198/106 150/197/106 136/201/106 127/202/106
f 129/203/107 139/204/107 151/205/107 135/206/107
f 139/204/108 133/189/108 142/191/108 151/205/108
f 151/205/109 142/191/109 131/196/109 145/207/109
f 135/206/110 151/205/110 145/207/110 127/208/110
f 134/192/111 140/209/111 152/210/111 143/193/111
f 140/209/112 130/211/112 137/212/112 152/210/112
f 152/210/113 137/212/113 128/213/113 146/214/113
f 143/193/114 152/210/114 146/214/114 132/194/114
f 153/215/115 162/216/115 173/217/115 161/218/115
f 162/216/116 154/219/116 163/220/116 173/217/116
f 173/217/117 163/220/117 156/221/117 164/222/117
f 161/218/118 173/217/118 164/222/118 155/223/118
f 155/223/119 164/222/119 174/224/119 165/225/119
f 164/222/120 156/221/120 166/226/120 174/224/120
f 174/224/121 166/226/121 160/227/121 167/228/121
f 165/225/122 174/224/122 167/228/122 159/229/122
f 159/229/123 167/228/123 175/230/123 168/231/123
f 167/228/124 160/232/124 169/233/124 175/230/124
f 175/230/125 169/233/125 158/234/125 170/235/125
f 168/231/126 175/230/126 170/235/126 157/236/126
f 157/236/127 170/235/127 176/237/127 171/238/127
f 170/235/128 158/234/128 172/239/128 176/237/128
f 176/237/129 172/239/129 154/240/129 162/241/129
f 171/238/130 176/237/130 162/241/130 153/242/130
f 155/243/131 165/244/131 177/245/131 161/246/131
f 165/244/132 159/229/132 168/231/132 177/245/132
f 177/245/133 168/231/133 157/236/133 171/247/133
f 161/246/134 177/245/134 171/247/134 153/248/134
f 160/232/135 166/249/135 178/250/135 169/233/135
f 166/249/136 156/251/136 163/252/136 178/250/136
f 178/250/137 163/252/137 154/253/137 172/254/137
f 169/233/138 178/250/138 172/254/138 158/234/138
f 179/255/139 188/256/139 199/257/139 187/258/139
f 188/256/140 180/259/140 189/260/140 199/257/140
f 199/257/141 189/260/141 182/261/141 190/262/141
f 187/258/142 199/257/142 190/262/142 181/263/142
f 181/263/143 190/262/143 200/264/143 191/265/143
f 190/262/144 182/261/144 192/266/144 200/264/144
f 200/264/145 192/266/145 186/267/145 193/268/145
f 191/265/146 200/264/146 193/268/146 185/269/146
f 185/269/147 193/268/147 201/270/147 194/271/147
f 193/268/148 186/267/148 195/272/148 201/270/148
f 201/270/149 195/272/149 184/273/149 196/274/149
f 194/271/150 201/270/150 196/274/150 183/275/150
f 183/275/151 196/274/151 202/276/151 197/277/151
f 196/274/152 184/273/152 198/278/152 202/276/152
f 202/276/153 198/278/153 180/279/153 188/280/153
f 197/277/154 202/276/154 188/280/154 179/281/154
f 181/282/131 191/283/131 203/284/131 187/285/131
f 191/283/155 185/269/155 194/271/155 203/284/155
f 203/284/156 194/271/156 183/275/156 197/286/156
f 187/285/157 203/284/157 197/286/157 179/287/157
f 186/267/158 192/288/158 204/289/158 195/272/158
f 192/288/159 182/290/159 189/291/159 204/289/159
f 204/289/160 189/291/160 180/292/160 198/293/160
f 195/272/161 204/289/161 198/293/161 184/273/161
f 205/294/162 213/295/162 225/296/162 214/297/162
f 214/297/163 225/296/163 215/298/163 206/299/163
f 225/296/164 216/300/164 208/301/164 215/298/164
f 213/295/165 207/302/165 216/300/165 225/296/165
f 207/302/166 217/303/166 226/304/166 216/300/166
f 216/300/167 226/304/167 218/305/167 208/301/167
f 226/304/168 219/306/168 212/307/168 218/305/168
f 217/303/169 211/308/169 219/306/169 226/304/169
f 211/308/170 220/309/170 227/310/170 219/306/170
f 219/306/171 227/310/171 221/311/171 212/312/171
f 227/310/172 222/313/172 210/314/172 221/311/172
f 220/309/173 209/315/173 222/313/173 227/310/173
f 209/315/174 223/316/174 228/317/174 222/313/174
f 222/313/175 228/317/175 224/318/175 210/314/175
f 228/317/176 214/319/176 206/320/176 224/318/176
f 223/316/177 205/321/177 214/319/177 228/317/177
f 207/322/178 213/323/178 229/324/178 217/325/178
f 217/325/179 229/324/179 220/309/179 211/308/179
f 229/324/180 223/326/180 209/315/180 220/309/180
f 213/323/181 205/327/181 223/326/181 229/324/181
f 212/312/182 221/311/182 230/328/182 218/329/182
f 218/329/183 230/328/183 215/330/183 208/331/183
f 230/328/184 224/332/184 206/333/184 215/330/184
f 221/311/185 210/314/185 224/332/185 230/328/185
f 231/334/186 239/335/186 251/336/186 240/337/186
f 240/337/187 251/336/187 241/338/187 232/339/187
f 251/336/188 242/340/188 234/341/188 241/338/188
f 239/335/189 233/342/189 242/340/189 251/336/189
f 233/342/190 243/343/190 252/344/190 242/340/190
f 242/340/191 252/344/191 244/345/191 234/341/191
f 252/344/192 245/346/192 238/347/192 244/345/192
f 243/343/193 237/348/193 245/346/193 252/344/193
f 237/348/194 246/349/194 253/350/194 245/346/194
f 245/346/195 253/350/195 247/351/195 238/352/195
f 253/350/196 248/353/196 236/354/196 247/351/196
f 246/349/197 235/355/197 248/353/197 253/350/197
f 235/355/198 249/356/198 254/357/198 248/353/198
f 248/353/199 254/357/199 250/358/199 236/354/199
f 254/357/200 240/359/200 232/360/200 250/358/200
f 249/356/201 231/361/201 240/359/201 254/357/201
f 233/362/202 239/363/202 255/364/202 243/365/202
f 243/365/203 255/364/203 246/349/203 237/348/203
f 255/364/204 249/366/204 235/355/204 246/349/204
f 239/363/205 231/367/205 249/366/205 255/364/205
f 238/352/206 247/351/206 256/368/206 244/369/206
f 244/369/207 256/368/207 241/370/207 234/371/207
f 256/368/208 250/372/208 232/373/208 241/370/208
f 247/351/209 236/354/209 250/372/209 256/368/209
f 257/374/210 265/375/210 277/376/210 266/377/210
f 266/377/211 277/376/211 267/378/211 258/379/211
f 277/376/212 268/380/212 260/381/212 267/378/212
f 265/375/213 259/382/213 268/380/213 277/376/213
f 259/382/214 269/383/214 278/384/214 268/380/214
f 268/380/215 278/384/215 270/385/215 260/381/215
f 278/384/216 271/386/216 264/387/216 270/385/216
f 269/383/217 263/388/217 271/386/217 278/384/217
f 263/388/218 272/389/218 279/390/218 271/386/218
f 271/386/219 279/390/219 273/391/219 264/392/219
f 279/390/220 274/393/220 262/394/220 273/391/220
f 272/389/221 261/395/221 274/393/221 279/390/221
f 261/395/222 275/396/222 280/397/222 274/393/222
f 274/393/223 280/397/223 276/398/223 262/394/223
f 280/397/224 266/399/224 258/400/224 276/398/224
f 275/396/225 257/401/225 266/399/225 280/397/225
f 259/402/226 265/403/226 281/404/226 269/405/226
f 269/405/227 281/404/227 272/389/227 263/388/227
f 281/404/228 275/406/228 261/395/228 272/389/228
f 265/403/229 257/407/229 275/406/229 281/404/229
f 264/392/230 273/391/230 282/408/230 270/409/230
f 270/409/231 282/408/231 267/410/231 260/411/231
f 282/408/232 276/412/232 258/413/232 267/410/232
f 273/391/233 262/394/233 276/412/233 282/408/233
f 283/414/234 291/415/234 303/416/234 292/417/234
f 292/417/235 303/416/235 293/418/235 284/419/235
f 303/416/236 294/420/236 286/421/236 293/418/236
f 291/415/237 285/422/237 294/420/237 303/416/237
f 285/422/238 295/423/238 304/424/238 294/420/238
f 294/420/239 304/424/239 296/425/239 286/421/239
f 304/424/240 297/426/240 290/427/240 296/425/240
f 295/423/241 289/428/241 297/426/241 304/424/241
f 289/428/242 298/429/242 305/430/242 297/426/242
f 297/426/243 305/430/243 299/431/243 290/432/243
f 305/430/244 300/433/244 288/434/244 299/431/244
f 298/429/245 287/435/245 300/433/245 305/430/245
f 287/435/246 301/436/246 306/437/246 300/433/246
f 300/433/247 306/437/247 302/438/247 288/434/247
f 306/437/248 292/439/248 284/440/248 302/438/248
f 301/436/249 283/441/249 292/439/249 306/437/249
f 285/442/250 291/443/250 307/444/250 295/445/250
f 295/445/251 307/444/251 298/429/251 289/428/251
f 307/444/252 301/446/252 287/435/252 298/429/252
f 291/443/253 283/447/253 301/446/253 307/444/253
f 290/432/254 299/431/254 308/448/254 296/449/254
f 296/449/255 308/448/255 293/450/255 286/451/255
f 308/448/256 302/452/256 284/453/256 293/450/256
f 299/431/257 288/434/257 302/452/257 308/448/257
f 309/454/258 317/455/258 329/456/258 318/457/258
f 318/457/259 329/456/259 319/458/259 310/459/259
f 329/456/260 320/460/260 312/461/260 319/458/260
f 317/455/261 311/462/261 320/460/261 329/456/261
f 311/462/262 321/463/262 330/464/262 320/460/262
f 320/460/263 330/464/263 322/465/263 312/461/263
f 330/464/264 323/466/264 316/467/264 322/465/264
f 321/463/265 315/468/265 323/466/265 330/464/265
f 315/468/266 324/469/266 331/470/266 323/466/266
f 323/466/267 331/470/267 325/471/267 316/472/267
f 331/470/268 326/473/268 314/474/268 325/471/268
f 324/469/269 313/475/269 326/473/269 331/470/269
f 313/475/270 327/476/270 332/477/270 326/473/270
f 326/473/271 332/477/271 328/478/271 314/474/271
f 332/477/272 318/479/272 310/480/272 328/478/272
f 327/476/273 309/481/273 318/479/273 332/477/273
f 311/482/274 317/483/274 333/484/274 321/485/274
f 321/485/275 333/484/275 324/469/275 315/468/275
f 333/484/276 327/486/276 313/475/276 324/469/276
f 317/483/277 309/487/277 327/486/277 333/484/277
f 316/472/278 325/471/278 334/488/278 322/489/278
f 322/489/279 334/488/279 319/490/279 312/491/279
f 334/488/280 328/492/280 310/493/280 319/490/280
f 325/471/281 314/474/281 328/492/281 334/488/281
f 335/494/282 343/495/282 355/496/282 344/497/282
f 344/497/283 355/496/283 345/498/283 336/499/283
f 355/496/284 346/500/284 338/501/284 345/498/284
f 343/495/285 337/502/285 346/500/285 355/496/285
f 337/502/286 347/503/286 356/504/286 346/500/286
f 346/500/287 356/504/287 348/505/287 338/501/287
f 356/504/288 349/506/288 342/507/288 348/505/288
f 347/503/289 341/508/289 349/506/289 356/504/289
f 341/508/290 350/509/290 357/510/290 349/506/290
f 349/506/291 357/510/291 351/511/291 342/512/291
f 357/510/292 352/513/292 340/514/292 351/511/292
f 350/509/293 339/515/293 352/513/293 357/510/293
f 339/515/294 353/516/294 358/517/294 352/513/294
f 352/513/295 358/517/295 354/518/295 340/514/295
f 358/517/296 344/519/296 336/520/296 354/518/296
f 353/516/297 335/521/297 344/519/297 358/517/297
f 337/522/274 343/523/274 359/524/274 347/525/274
f 347/525/298 359/524/298 350/509/298 341/508/298
f 359/524/299 353/526/299 339/515/299 350/509/299
f 343/523/300 335/527/300 353/526/300 359/524/300
f 342/512/301 351/511/301 360/528/301 348/529/301
f 348/529/302 360/528/302 345/530/302 338/531/302
f 360/528/303 354/532/303 336/533/303 345/530/303
f 351/511/304 340/514/304 354/532/304 360/528/304
f 361/534/305 370/535/305 381/536/305 369/537/305
f 370/535/306 362/538/306 371/539/306 381/536/306
f 381/536/307 371/539/307 364/540/307 372/541/307
f 369/537/308 381/536/308 372/541/308 363/542/308
f 363/542/309 372/541/309 382/543/309 373/544/309
f 372/541/310 364/540/310 374/545/310 382/543/310
f 382/543/311 374/545/311 368/546/311 375/547/311
f 373/544/312 382/543/312 375/547/312 367/548/312
f 367/548/313 375/547/313 383/549/313 376/550/313
f 375/547/314 368/551/314 377/552/314 383/549/314
f 383/549/315 377/552/315 366/553/315 378/554/315
f 376/550/316 383/549/316 378/554/316 365/555/316
f 365/555/317 378/554/317 384/556/317 379/557/317
f 378/554/318 366/553/318 380/558/318 384/556/318
f 384/556/319 380/558/319 362/559/319 370/560/319
f 379/557/320 384/556/320 370/560/320 361/561/320
f 363/562/321 373/563/321 385/564/321 369/565/321
f 373/563/322 367/548/322 376/550/322 385/564/322
f 385/564/323 376/550/323 365/555/323 379/566/323
f 369/565/324 385/564/324 379/566/324 361/567/324
f 368/551/325 374/568/325 386/569/325 377/552/325
f 374/568/326 364/570/326 371/571/326 386/569/326
f 386/569/327 371/571/327 362/572/327 380/573/327
f 377/552/328 386/569/328 380/573/328 366/553/328
f 387/574/329 396/575/329 407/576/329 395/577/329
f 396/575/330 388/578/330 397/579/330 407/576/330
f 407/576/331 397/579/331 390/580/331 398/581/331
f 395/577/332 407/576/332 398/581/332 389/582/332
f 389/582/333 398/581/333 408/583/333 399/584/333
f 398/581/334 390/580/334 400/585/334 408/583/334
f 408/583/335 400/585/335 394/586/335 401/587/335
f 399/584/336 408/583/336 401/587/336 393/588/336
f 393/588/337 401/587/337 409/589/337 402/590/337
f 401/587/338 394/591/338 403/592/338 409/589/338
f 409/589/339 403/592/339 392/593/339 404/594/339
f 402/590/340 409/589/340 404/594/340 391/595/340
f 391/595/341 404/594/341 410/596/341 405/597/341
f 404/594/342 392/593/342 406/598/342 410/596/342
f 410/596/343 406/598/343 388/599/343 396/600/343
f 405/597/344 410/596/344 396/600/344 387/601/344
f 389/602/345 399/603/345 411/604/345 395/605/345
f 399/603/346 393/588/346 402/590/346 411/604/346
f 411/604/347 402/590/347 391/595/347 405/606/347
f 395/605/348 411/604/348 405/606/348 387/607/348
f 394/591/349 400/608/349 412/609/349 403/592/349
f 400/608/350 390/610/350 397/611/350 412/609/350
f 412/609/351 397/611/351 388/612/351 406/613/351
f 403/592/352 412/609/352 406/613/352 392/593/352
f 413/614/353 422/615/353 433/616/353 421/617/353
f 422/615/354 414/618/354 423/619/354 433/616/354
f 433/616/355 423/619/355 416/620/355 424/621/355
f 421/617/356 433/616/356 424/621/356 415/622/356
f 415/622/357 424/621/357 434/623/357 425/624/357
f 424/621/358 416/620/358 426/625/358 434/623/358
f 434/623/359 426/625/359 420/626/359 427/627/359
f 425/624/360 434/623/360 427/627/360 419/628/360
f 419/628/361 427/627/361 435/629/361 428/630/361
f 427/627/362 420/626/362 429/631/362 435/629/362
f 435/629/363 429/631/363 418/632/363 430/633/363
f 428/630/364 435/629/364 430/633/364 417/634/364
f 417/634/365 430/633/365 436/635/365 431/636/365
f 430/633/366 418/632/366 432/637/366 436/635/366
f 436/635/367 432/637/367 414/638/367 422/639/367
f 431/636/368 436/635/368 422/639/368 413/640/368
f 415/641/369 425/642/369 437/643/369 421/644/369
f 425/642/370 419/628/370 428/630/370 437/643/370
f 437/643/371 428/630/371 417/634/371 431/645/371
f 421/644/372 437/643/372 431/645/372 413/646/372
f 420/626/373 426/647/373 438/648/373 429/631/373
f 426/647/374 416/649/374 423/650/374 438/648/374
f 438/648/375 423/650/375 414/651/375 432/652/375
f 429/631/376 438/648/376 432/652/376 418/632/376
s 1
f 439/653/377 441/654/378 443/655/379
f 440/656/380 444/657/381 442/658/382
f 459/659/383 442/660/382 444/661/381 460/662/384
f 439/653/377 443/655/379 445/663/385
f 440/656/380 446/664/386 444/657/381
f 460/662/384 444/661/381 446/665/386 461/666/387
f 439/653/377 445/663/385 447/667/388
f 440/656/380 448/668/389 446/664/386
f 461/666/387 446/665/386 448/669/389 462/670/390
f 439/653/377 447/667/388 449/671/391
f 440/656/380 450/672/392 448/668/389
f 462/670/390 448/669/389 450/673/392 463/674/393
f 439/653/377 449/671/391 451/675/394
f 440/656/380 452/676/395 450/672/392
f 463/674/393 450/673/392 452/677/395 464/678/396
f 439/653/377 451/675/394 441/654/378
f 440/656/380 442/658/382 452/676/395
f 464/679/396 452/680/395 442/660/382 459/659/383
f 469/681/397 458/682/398 453/683/399 470/684/400
f 468/685/401 457/686/402 458/687/398 469/688/397
f 467/689/403 456/690/404 457/686/402 468/685/401
f 466/691/405 455/692/406 456/690/404 467/689/403
f 465/693/407 454/694/408 455/692/406 466/691/405
f 470/684/400 453/683/399 454/694/408 465/693/407
f 458/682/398 464/679/396 459/659/383 453/683/399
f 457/686/402 463/674/393 464/678/396 458/687/398
f 456/690/404 462/670/390 463/674/393 457/686/402
f 455/692/406 461/666/387 462/670/390 456/690/404
f 454/694/408 460/662/384 461/666/387 455/692/406
f 453/683/399 459/659/383 460/662/384 454/694/408
f 441/695/378 470/684/400 465/693/407 443/696/379
f 443/696/379 465/693/407 466/691/405 445/697/385
f 445/697/385 466/691/405 467/689/403 447/698/388
f 447/698/388 467/689/403 468/685/401 449/699/391
f 449/699/391 468/685/401 469/688/397 451/700/394
f 451/701/394 469/681/397 470/684/400 441/695/378
f 471/702/409 473/703/410 475/704/411
f 472/705/412 476/706/413 474/707/414
f 491/708/415 474/709/414 476/710/413 492/711/416
f 471/702/409 475/704/411 477/712/417
f 472/705/412 478/713/418 476/706/413
f 492/711/416 476/710/413 478/714/418 493/715/419
f 471/702/409 477/712/417 479/716/420
f 472/705/412 480/717/421 478/713/418
f 493/715/419 478/714/418 480/718/421 494/719/422
f 471/702/409 479/716/420 481/720/423
f 472/705/412 482/721/424 480/717/421
f 494/719/422 480/718/421 482/722/424 495/723/425
f 471/702/409 481/720/423 483/724/426
f 472/705/412 484/725/427 482/721/424
f 495/723/425 482/722/424 484/726/427 496/727/428
f 471/702/409 483/724/426 473/703/410
f 472/705/412 474/707/414 484/725/427
f 496/728/428 484/729/427 474/709/414 491/708/415
f 501/730/429 490/731/430 485/732/431 502/733/432
f 500/734/433 489/735/434 490/736/430 501/737/429
f 499/738/435 488/739/436 489/735/434 500/734/433
f 498/740/437 487/741/438 488/739/436 499/738/435
f 497/742/439 486/743/440 487/741/438 498/740/437
f 502/733/432 485/732/431 486/743/440 497/742/439
f 490/731/430 496/728/428 491/708/415 485/732/431
f 489/735/434 495/723/425 496/727/428 490/736/430
f 488/739/436 494/719/422 495/723/425 489/735/434
f 487/741/438 493/715/419 494/719/422 488/739/436
f 486/743/440 492/711/416 493/715/419 487/741/438
f 485/732/431 491/708/415 492/711/416 486/743/440
f 473/744/410 502/733/432 497/742/439 475/745/411
f 475/745/411 497/742/439 498/740/437 477/746/417
f 477/746/417 498/740/437 499/738/435 479/747/420
f 479/747/420 499/738/435 500/734/433 481/748/423
f 481/748/423 500/734/433 501/737/429 483/749/426
f 483/750/426 501/730/429 502/733/432 473/744/410
f 503/751/441 505/752/442 507/753/443
f 504/754/444 508/755/445 506/756/446
f 523/757/447 506/758/446 508/759/445 524/760/448
f 503/751/441 507/753/443 509/761/449
f 504/754/444 510/762/450 508/755/445
f 524/760/448 508/759/445 510/763/450 525/764/451
f 503/751/441 509/761/449 511/765/452
f 504/754/444 512/766/453 510/762/450
f 525/764/451 510/763/450 512/767/453 526/768/454
f 503/751/441 511/765/452 513/769/455
f 504/754/444 514/770/456 512/766/453
f 526/771/454 512/772/453 514/773/456 527/774/457
f 503/751/441 513/769/455 515/775/458
f 504/754/444 516/776/459 514/770/456
f 527/774/457 514/773/456 516/777/459 528/778/460
f 503/751/441 515/775/458 505/752/442
f 504/754/444 506/756/446 516/776/459
f 528/778/460 516/777/459 506/758/446 523/757/447
f 533/779/461 522/780/462 517/781/463 534/782/464
f 532/783/465 521/784/466 522/780/462 533/779/461
f 531/785/467 520/786/468 521/784/466 532/783/465
f 530/787/469 519/788/470 520/789/468 531/790/467
f 529/791/471 518/792/472 519/788/470 530/787/469
f 534/782/464 517/781/463 518/792/472 529/791/471
f 522/780/462 528/778/460 523/757/447 517/781/463
f 521/784/466 527/774/457 528/778/460 522/780/462
f 520/786/468 526/771/454 527/774/457 521/784/466
f 519/788/470 525/764/451 526/768/454 520/789/468
f 518/792/472 524/760/448 525/764/451 519/788/470
f 517/781/463 523/757/447 524/760/448 518/792/472
f 505/793/442 534/782/464 529/791/471 507/794/443
f 507/794/443 529/791/471 530/787/469 509/795/449
f 509/795/449 530/787/469 531/790/467 511/796/452
f 511/797/452 531/785/467 532/783/465 513/798/455
f 513/798/455 532/783/465 533/779/461 515/799/458
f 515/799/458 533/779/461 534/782/464 505/793/442
f 535/800/473 537/801/474 539/802/475
f 536/803/476 540/804/477 538/805/478
f 555/806/479 538/807/478 540/808/477 556/809/480
f 535/800/473 539/802/475 541/810/481
f 536/803/476 542/811/482 540/804/477
f 556/809/480 540/808/477 542/812/482 557/813/483
f 535/800/473 541/810/481 543/814/484
f 536/803/476 544/815/485 542/811/482
f 557/813/483 542/812/482 544/816/485 558/817/486
f 535/800/473 543/814/484 545/818/487
f 536/803/476 546/819/488 544/815/485
f 558/817/486 544/816/485 546/820/488 559/821/489
f 535/800/473 545/818/487 547/822/490
f 536/803/476 548/823/491 546/819/488
f 559/821/489 546/820/488 548/824/491 560/825/492
f 535/800/473 547/822/490 537/801/474
f 536/803/476 538/805/478 548/823/491
f 560/826/492 548/827/491 538/807/478 555/806/479
f 565/828/493 554/829/494 549/830/495 566/831/496
f 564/832/497 553/833/498 554/834/494 565/835/493
f 563/836/499 552/837/500 553/833/498 564/832/497
f 562/838/501 551/839/502 552/837/500 563/836/499
f 561/840/503 550/841/504 551/839/502 562/838/501
f 566/831/496 549/830/495 550/841/504 561/840/503
f 554/829/494 560/826/492 555/806/479 549/830/495
f 553/833/498 559/821/489 560/825/492 554/834/494
f 552/837/500 558/817/486 559/821/489 553/833/498
f 551/839/502 557/813/483 558/817/486 552/837/500
f 550/841/504 556/809/480 557/813/483 551/839/502
f 549/830/495 555/806/479 556/809/480 550/841/504
f 537/842/474 566/831/496 561/840/503 539/843/475
f 539/843/475 561/840/503 562/838/501 541/844/481
f 541/844/481 562/838/501 563/836/499 543/845/484
f 543/845/484 563/836/499 564/832/497 545/846/487
f 545/846/487 564/832/497 565/835/493 547/847/490
f 547/848/490 565/828/493 566/831/496 537/842/474
f 567/849/505 569/850/506 571/851/507
f 568/852/508 572/853/509 570/854/510
f 587/855/511 570/856/510 572/857/509 588/858/512
f 567/849/505 571/851/507 573/859/513
f 568/852/508 574/860/514 572/853/509
f 588/861/512 572/862/509 574/863/514 589/864/515
f 567/849/505 573/859/513 575/865/516
f 568/852/508 576/866/517 574/860/514
f 589/864/515 574/863/514 576/867/517 590/868/518
f 567/849/505 575/865/516 577/869/519
f 568/852/508 578/870/520 576/866/517
f 590/868/518 576/867/517 578/871/520 591/872/521
f 567/849/505 577/869/519 579/873/522
f 568/852/508 580/874/523 578/870/520
f 591/872/521 578/871/520 580/875/523 592/876/524
f 567/849/505 579/873/522 569/850/506
f 568/852/508 570/854/510 580/874/523
f 592/876/524 580/875/523 570/856/510 587/855/511
f 597/877/525 586/878/526 581/879/527 598/880/528
f 596/881/529 585/882/530 586/878/526 597/877/525
f 595/883/531 584/884/532 585/882/530 596/881/529
f 594/885/533 583/886/534 584/884/532 595/883/531
f 593/887/535 582/888/536 583/886/534 594/885/533
f 598/880/528 581/879/527 582/889/536 593/890/535
f 586/878/526 592/876/524 587/855/511 581/879/527
f 585/882/530 591/872/521 592/876/524 586/878/526
f 584/884/532 590/868/518 591/872/521 585/882/530
f 583/886/534 589/864/515 590/868/518 584/884/532
f 582/888/536 588/861/512 589/864/515 583/886/534
f 581/879/527 587/855/511 588/858/512 582/889/536
f 569/891/506 598/880/528 593/890/535 571/892/507
f 571/893/507 593/887/535 594/885/533 573/894/513
f 573/894/513 594/885/533 595/883/531 575/895/516
f 575/895/516 595/883/531 596/881/529 577/896/519
f 577/896/519 596/881/529 597/877/525 579/897/522
f 579/897/522 597/877/525 598/880/528 569/891/506
f 599/898/537 601/899/538 603/900/539
f 600/901/540 604/902/541 602/903/542
f 619/904/543 602/905/542 604/906/541 620/907/544
f 599/898/537 603/900/539 605/908/545
f 600/901/540 606/909/546 604/902/541
f 620/907/544 604/906/541 606/910/546 621/911/547
f 599/898/537 605/908/545 607/912/548
f 600/901/540 608/913/549 606/909/546
f 621/911/547 606/910/546 608/914/549 622/915/550
f 599/898/537 607/912/548 609/916/551
f 600/901/540 610/917/552 608/913/549
f 622/915/550 608/914/549 610/918/552 623/919/553
f 599/898/537 609/916/551 611/920/554
f 600/901/540 612/921/555 610/917/552
f 623/919/553 610/918/552 612/922/555 624/923/556
f 599/898/537 611/920/554 601/899/538
f 600/901/540 602/903/542 612/921/555
f 624/923/556 612/922/555 602/924/542 619/925/543
f 629/926/557 618/927/558 613/928/559 630/929/560
f 628/930/561 617/931/562 618/927/558 629/926/557
f 627/932/563 616/933/564 617/931/562 628/930/561
f 626/934/565 615/935/566 616/933/564 627/932/563
f 625/936/567 614/937/568 615/935/566 626/934/565
f 630/938/560 613/939/559 614/937/568 625/936/567
f 618/927/558 624/923/556 619/925/543 613/928/559
f 617/931/562 623/919/553 624/923/556 618/927/558
f 616/933/564 622/915/550 623/919/553 617/931/562
f 615/935/566 621/911/547 622/915/550 616/933/564
f 614/937/568 620/907/544 621/911/547 615/935/566
f 613/939/559 619/904/543 620/907/544 614/937/568
f 601/940/538 630/938/560 625/936/567 603/941/539
f 603/941/539 625/936/567 626/934/565 605/942/545
f 605/942/545 626/934/565 627/932/563 607/943/548
f 607/943/548 627/932/563 628/930/561 609/944/551
f 609/944/551 628/930/561 629/926/557 611/945/554
f 611/945/554 629/926/557 630/929/560 601/946/538
f 631/947/569 633/948/570 635/949/571
f 632/950/572 636/951/573 634/952/574
f 651/953/575 634/954/574 636/955/573 652/956/576
f 631/947/569 635/949/571 637/957/577
f 632/950/572 638/958/578 636/951/573
f 652/956/576 636/955/573 638/959/578 653/960/579
f 631/947/569 637/957/577 639/961/580
f 632/950/572 640/962/581 638/958/578
f 653/960/579 638/959/578 640/963/581 654/964/582
f 631/947/569 639/961/580 641/965/583
f 632/950/572 642/966/584 640/962/581
f 654/964/582 640/963/581 642/967/584 655/968/585
f 631/947/569 641/965/583 643/969/586
f 632/950/572 644/970/587 642/966/584
f 655/968/585 642/967/584 644/971/587 656/972/588
f 631/947/569 643/969/586 633/948/570
f 632/950/572 634/952/574 644/970/587
f 656/972/588 644/971/587 634/973/574 651/974/575
f 661/975/589 650/976/590 645/977/591 662/978/592
f 660/979/593 649/980/594 650/976/590 661/975/589
f 659/981/595 648/982/596 649/980/594 660/979/593
f 658/983/597 647/984/598 648/982/596 659/981/595
f 657/985/599 646/986/600 647/984/598 658/983/597
f 662/987/592 645/988/591 646/986/600 657/985/599
f 650/976/590 656/972/588 651/974/575 645/977/591
f 649/980/594 655/968/585 656/972/588 650/976/590
f 648/982/596 654/964/582 655/968/585 649/980/594
f 647/984/598 653/960/579 654/964/582 648/982/596
f 646/986/600 652/956/576 653/960/579 647/984/598
f 645/988/591 651/953/575 652/956/576 646/986/600
f 633/989/570 662/987/592 657/985/599 635/990/571
f 635/990/571 657/985/599 658/983/597 637/991/577
f 637/991/577 658/983/597 659/981/595 639/992/580
f 639/992/580 659/981/595 660/979/593 641/993/583
f 641/993/583 660/979/593 661/975/589 643/994/586
f 643/994/586 661/975/589 662/978/592 633/995/570
f 665/996/601 664/997/602 672/998/603 673/999/604
f 666/1000/605 665/996/601 673/999/604 674/1001/606
f 667/1002/607 666/1000/605 674/1001/606 675/1003/608
f 668/1004/609 667/1002/607 675/1003/608 676/1005/610
f 669/1006/611 668/1004/609 676/1005/610 677/1007/612
f 670/1008/613 669/1006/611 677/1007/612 678/1009/614
f 663/1010/615 823/1011/616 671/1012/617
f 664/997/602 663/1010/615 671/1012/617 672/998/603
f 672/998/603 671/1012/617 679/1013/618 680/1014/619
f 673/999/604 672/998/603 680/1014/619 681/1015/620
f 674/1001/606 673/999/604 681/1015/620 682/1016/621
f 675/1003/608 674/1001/606 682/1016/621 683/1017/622
f 676/1005/610 675/1003/608 683/1017/622 684/1018/623
f 677/1007/612 676/1005/610 684/1018/623 685/1019/624
f 678/1009/614 677/1007/612 685/1019/624 686/1020/625
f 671/1012/617 823/1011/616 679/1013/618
f 684/1018/623 683/1017/622 691/1021/626 692/1022/627
f 685/1019/624 684/1018/623 692/1022/627 693/1023/628
f 686/1020/625 685/1019/624 693/1023/628 694/1024/629
f 679/1013/618 823/1011/616 687/1025/630
f 680/1014/619 679/1013/618 687/1025/630 688/1026/631
f 681/1015/620 680/1014/619 688/1026/631 689/1027/632
f 682/1016/621 681/1015/620 689/1027/632 690/1028/633
f 683/1017/622 682/1016/621 690/1028/633 691/1021/626
f 688/1026/631 687/1025/630 695/1029/634 696/1030/635
f 689/1027/632 688/1026/631 696/1030/635 697/1031/636
f 690/1028/633 689/1027/632 697/1031/636 698/1032/637
f 691/1021/626 690/1028/633 698/1032/637 699/1033/638
f 692/1022/627 691/1021/626 699/1033/638 700/1034/639
f 693/1023/628 692/1022/627 700/1034/639 701/1035/640
f 694/1024/629 693/1023/628 701/1035/640 702/1036/641
f 687/1025/630 823/1011/616 695/1029/634
f 700/1034/639 699/1033/638 707/1037/642 708/1038/643
f 701/1035/640 700/1034/639 708/1038/643 709/1039/644
f 702/1036/641 701/1035/640 709/1039/644 710/1040/645
f 695/1029/634 823/1011/616 703/1041/646
f 696/1030/635 695/1029/634 703/1041/646 704/1042/647
f 697/1031/636 696/1030/635 704/1042/647 705/1043/648
f 698/1032/637 697/1031/636 705/1043/648 706/1044/649
f 699/1033/638 698/1032/637 706/1044/649 707/1037/642
f 705/1043/648 704/1042/647 712/1045/650 713/1046/651
f 706/1044/649 705/1043/648 713/1046/651 714/1047/652
f 707/1037/642 706/1044/649 714/1047/652 715/1048/653
f 708/1038/643 707/1037/642 715/1048/653 716/1049/654
f 709/1039/644 708/1038/643 716/1049/654 717/1050/655
f 710/1040/645 709/1039/644 717/1050/655 718/1051/656
f 703/1041/646 823/1011/616 711/1052/657
f 704/1042/647 703/1041/646 711/1052/657 712/1045/650
f 717/1050/655 716/1049/654 724/1053/658 725/1054/659
f 718/1051/656 717/1050/655 725/1054/659 726/1055/660
f 711/1052/657 823/1011/616 719/1056/661
f 712/1045/650 711/1052/657 719/1056/661 720/1057/662
f 713/1046/651 712/1045/650 720/1057/662 721/1058/663
f 714/1047/652 713/1046/651 721/1058/663 722/1059/664
f 715/1048/653 714/1047/652 722/1059/664 723/1060/665
f 716/1049/654 715/1048/653 723/1060/665 724/1053/658
f 722/1059/664 721/1058/663 729/1061/666 730/1062/667
f 723/1060/665 722/1059/664 730/1062/667 731/1063/668
f 724/1053/658 723/1060/665 731/1063/668 732/1064/669
f 725/1054/659 724/1053/658 732/1064/669 733/1065/670
f 726/1055/660 725/1054/659 733/1065/670 734/1066/671
f 719/1056/661 823/1011/616 727/1067/672
f 720/1057/662 719/1056/661 727/1067/672 728/1068/673
f 721/1058/663 720/1057/662 728/1068/673 729/1061/666
f 734/1066/671 733/1065/670 741/1069/674 742/1070/675
f 727/1067/672 823/1011/616 735/1071/676
f 728/1068/673 727/1067/672 735/1071/676 736/1072/677
f 729/1061/666 728/1068/673 736/1072/677 737/1073/678
f 730/1062/667 729/1061/666 737/1073/678 738/1074/679
f 731/1063/668 730/1062/667 738/1074/679 739/1075/680
f 732/1064/669 731/1063/668 739/1075/680 740/1076/681
f 733/1065/670 732/1064/669 740/1076/681 741/1069/674
f 738/1074/679 737/1073/678 745/1077/682 746/1078/683
f 739/1075/680 738/1074/679 746/1078/683 747/1079/684
f 740/1076/681 739/1075/680 747/1079/684 748/1080/685
f 741/1069/674 740/1076/681 748/1080/685 749/1081/686
f 742/1070/675 741/1069/674 749/1081/686 750/1082/687
f 735/1071/676 823/1011/616 743/1083/688
f 736/1072/677 735/1071/676 743/1083/688 744/1084/689
f 737/1073/678 736/1072/677 744/1084/689 745/1077/682
f 750/1082/687 749/1081/686 757/1085/690 758/1086/691
f 743/1083/688 823/1011/616 751/1087/692
f 744/1084/689 743/1083/688 751/1087/692 752/1088/693
f 745/1077/682 744/1084/689 752/1088/693 753/1089/694
f 746/1078/683 745/1077/682 753/1089/694 754/1090/695
f 747/1079/684 746/1078/683 754/1090/695 755/1091/696
f 748/1080/685 747/1079/684 755/1091/696 756/1092/697
f 749/1081/686 748/1080/685 756/1092/697 757/1085/690
f 755/1091/696 754/1090/695 762/1093/698 763/1094/699
f 756/1092/697 755/1091/696 763/1094/699 764/1095/700
f 757/1085/690 756/1092/697 764/1095/700 765/1096/701
f 758/1086/691 757/1085/690 765/1096/701 766/1097/702
f 751/1087/692 823/1011/616 759/1098/703
f 752/1088/693 751/1087/692 759/1098/703 760/1099/704
f 753/1089/694 752/1088/693 760/1099/704 761/1100/705
f 754/1090/695 753/1089/694 761/1100/705 762/1093/698
f 759/1098/703 823/1011/616 767/1101/706
f 760/1099/704 759/1098/703 767/1101/706 768/1102/707
f 761/1100/705 760/1099/704 768/1102/707 769/1103/708
f 762/1093/698 761/1100/705 769/1103/708 770/1104/709
f 763/1094/699 762/1093/698 770/1104/709 771/1105/710
f 764/1095/700 763/1094/699 771/1105/710 772/1106/711
f 765/1096/701 764/1095/700 772/1106/711 773/1107/712
f 766/1097/702 765/1096/701 773/1107/712 774/1108/713
f 771/1105/710 770/1104/709 778/1109/714 779/1110/715
f 772/1106/711 771/1105/710 779/1110/715 780/1111/716
f 773/1107/712 772/1106/711 780/1111/716 781/1112/717
f 774/1108/713 773/1107/712 781/1112/717 782/1113/718
f 767/1101/706 823/1011/616 775/1114/719
f 768/1102/707 767/1101/706 775/1114/719 776/1115/720
f 769/1103/708 768/1102/707 776/1115/720 777/1116/721
f 770/1104/709 769/1103/708 777/1116/721 778/1109/714
f 776/1115/720 775/1114/719 783/1117/722 784/1118/723
f 777/1116/721 776/1115/720 784/1118/723 785/1119/724
f 778/1109/714 777/1116/721 785/1119/724 786/1120/725
f 779/1110/715 778/1109/714 786/1120/725 787/1121/726
f 780/1111/716 779/1110/715 787/1121/726 788/1122/727
f 781/1112/717 780/1111/716 788/1122/727 789/1123/728
f 782/1113/718 781/1112/717 789/1123/728 790/1124/729
f 775/1114/719 823/1011/616 783/1117/722
f 788/1122/727 787/1121/726 795/1125/730 796/1126/731
f 789/1123/728 788/1122/727 796/1126/731 797/1127/732
f 790/1124/729 789/1123/728 797/1127/732 798/1128/733
f 783/1117/722 823/1011/616 791/1129/734
f 784/1118/723 783/1117/722 791/1129/734 792/1130/735
f 785/1119/724 784/1118/723 792/1130/735 793/1131/736
f 786/1120/725 785/1119/724 793/1131/736 794/1132/737
f 787/1121/726 786/1120/725 794/1132/737 795/1125/730
f 793/1131/736 792/1130/735 800/1133/738 801/1134/739
f 794/1132/737 793/1131/736 801/1134/739 802/1135/740
f 795/1125/730 794/1132/737 802/1135/740 803/1136/741
f 796/1126/731 795/1125/730 803/1136/741 804/1137/742
f 797/1127/732 796/1126/731 804/1137/742 805/1138/743
f 798/1128/733 797/1127/732 805/1138/743 806/1139/744
f 791/1129/734 823/1011/616 799/1140/745
f 792/1130/735 791/1129/734 799/1140/745 800/1133/738
f 805/1138/743 804/1137/742 812/1141/746 813/1142/747
f 806/1139/744 805/1138/743 813/1142/747 814/1143/748
f 799/1140/745 823/1011/616 807/1144/749
f 800/1133/738 799/1140/745 807/1144/749 808/1145/750
f 801/1134/739 800/1133/738 808/1145/750 809/1146/751
f 802/1135/740 801/1134/739 809/1146/751 810/1147/752
f 803/1136/741 802/1135/740 810/1147/752 811/1148/753
f 804/1137/742 803/1136/741 811/1148/753 812/1141/746
f 809/1146/751 808/1145/750 816/1149/754 817/1150/755
f 810/1147/752 809/1146/751 817/1150/755 818/1151/756
f 811/1148/753 810/1147/752 818/1151/756 819/1152/757
f 812/1141/746 811/1148/753 819/1152/757 820/1153/758
f 813/1142/747 812/1141/746 820/1153/758 821/1154/759
f 814/1143/748 813/1142/747 821/1154/759 822/1155/760
f 807/1144/749 823/1011/616 815/1156/761
f 808/1145/750 807/1144/749 815/1156/761 816/1149/754
f 821/1154/759 820/1153/758 829/1157/762 830/1158/763
f 822/1155/760 821/1154/759 830/1158/763 831/1159/764
f 815/1156/761 823/1011/616 824/1160/765
f 816/1149/754 815/1156/761 824/1160/765 825/1161/766
f 817/1150/755 816/1149/754 825/1161/766 826/1162/767
f 818/1151/756 817/1150/755 826/1162/767 827/1163/768
f 819/1152/757 818/1151/756 827/1163/768 828/1164/769
f 820/1153/758 819/1152/757 828/1164/769 829/1157/762
f 827/1163/768 826/1162/767 834/1165/770 835/1166/771
f 828/1164/769 827/1163/768 835/1166/771 836/1167/772
f 829/1157/762 828/1164/769 836/1167/772 837/1168/773
f 830/1158/763 829/1157/762 837/1168/773 838/1169/774
f 831/1159/764 830/1158/763 838/1169/774 839/1170/775
f 824/1160/765 823/1011/616 832/1171/776
f 825/1161/766 824/1160/765 832/1171/776 833/1172/777
f 826/1162/767 825/1161/766 833/1172/777 834/1165/770
f 839/1170/775 838/1169/774 846/1173/778 847/1174/779
f 832/1171/776 823/1011/616 840/1175/780
f 833/1172/777 832/1171/776 840/1175/780 841/1176/781
f 834/1165/770 833/1172/777 841/1176/781 842/1177/782
f 835/1166/771 834/1165/770 842/1177/782 843/1178/783
f 836/1167/772 835/1166/771 843/1178/783 844/1179/784
f 837/1168/773 836/1167/772 844/1179/784 845/1180/785
f 838/1169/774 837/1168/773 845/1180/785 846/1173/778
f 843/1178/783 842/1177/782 850/1181/786 851/1182/787
f 844/1179/784 843/1178/783 851/1182/787 852/1183/788
f 845/1180/785 844/1179/784 852/1183/788 853/1184/789
f 846/1173/778 845/1180/785 853/1184/789 854/1185/790
f 847/1174/779 846/1173/778 854/1185/790 855/1186/791
f 840/1175/780 823/1011/616 848/1187/792
f 841/1176/781 840/1175/780 848/1187/792 849/1188/793
f 842/1177/782 841/1176/781 849/1188/793 850/1181/786
f 855/1186/791 854/1185/790 862/1189/794 863/1190/795
f 848/1187/792 823/1011/616 856/1191/796
f 849/1188/793 848/1187/792 856/1191/796 857/1192/797
f 850/1181/786 849/1188/793 857/1192/797 858/1193/798
f 851/1182/787 850/1181/786 858/1193/798 859/1194/799
f 852/1183/788 851/1182/787 859/1194/799 860/1195/800
f 853/1184/789 852/1183/788 860/1195/800 861/1196/801
f 854/1185/790 853/1184/789 861/1196/801 862/1189/794
f 860/1195/800 859/1194/799 867/1197/802 868/1198/803
f 861/1196/801 860/1195/800 868/1198/803 869/1199/804
f 862/1189/794 861/1196/801 869/1199/804 870/1200/805
f 863/1190/795 862/1189/794 870/1200/805 871/1201/806
f 856/1191/796 823/1011/616 864/1202/807
f 857/1192/797 856/1191/796 864/1202/807 865/1203/808
f 858/1193/798 857/1192/797 865/1203/808 866/1204/809
f 859/1194/799 858/1193/798 866/1204/809 867/1197/802
f 865/1203/808 864/1202/807 872/1205/810 873/1206/811
f 866/1204/809 865/1203/808 873/1206/811 874/1207/812
f 867/1197/802 866/1204/809 874/1207/812 875/1208/813
f 868/1198/803 867/1197/802 875/1208/813 876/1209/814
f 869/1199/804 868/1198/803 876/1209/814 877/1210/815
f 870/1200/805 869/1199/804 877/1210/815 878/1211/816
f 871/1201/806 870/1200/805 878/1211/816 879/1212/817
f 864/1202/807 823/1011/616 872/1205/810
f 877/1210/815 876/1209/814 884/1213/818 885/1214/819
f 878/1211/816 877/1210/815 885/1214/819 886/1215/820
f 879/1212/817 878/1211/816 886/1215/820 887/1216/821
f 872/1205/810 823/1011/616 880/1217/822
f 873/1206/811 872/1205/810 880/1217/822 881/1218/823
f 874/1207/812 873/1206/811 881/1218/823 882/1219/824
f 875/1208/813 874/1207/812 882/1219/824 883/1220/825
f 876/1209/814 875/1208/813 883/1220/825 884/1213/818
f 881/1218/823 880/1217/822 888/1221/826 889/1222/827
f 882/1219/824 881/1218/823 889/1222/827 890/1223/828
f 883/1220/825 882/1219/824 890/1223/828 891/1224/829
f 884/1213/818 883/1220/825 891/1224/829 892/1225/830
f 885/1214/819 884/1213/818 892/1225/830 893/1226/831
f 886/1215/820 885/1214/819 893/1226/831 894/1227/832
f 887/1216/821 886/1215/820 894/1227/832 895/1228/833
f 880/1217/822 823/1011/616 888/1221/826
f 893/1226/831 892/1225/830 900/1229/834 901/1230/835
f 894/1227/832 893/1226/831 901/1230/835 902/1231/836
f 895/1228/833 894/1227/832 902/1231/836 903/1232/837
f 888/1221/826 823/1011/616 896/1233/838
f 889/1222/827 888/1221/826 896/1233/838 897/1234/839
f 890/1223/828 889/1222/827 897/1234/839 898/1235/840
f 891/1224/829 890/1223/828 898/1235/840 899/1236/841
f 892/1225/830 891/1224/829 899/1236/841 900/1229/834
f 898/1235/840 897/1234/839 905/1237/842 906/1238/843
f 899/1236/841 898/1235/840 906/1238/843 907/1239/844
f 900/1229/834 899/1236/841 907/1239/844 908/1240/845
f 901/1230/835 900/1229/834 908/1240/845 909/1241/846
f 902/1231/836 901/1230/835 909/1241/846 910/1242/847
f 903/1232/837 902/1231/836 910/1242/847 911/1243/848
f 896/1233/838 823/1011/616 904/1244/849
f 897/1234/839 896/1233/838 904/1244/849 905/1237/842
f 910/1242/847 909/1241/846 917/1245/850 918/1246/851
f 911/1243/848 910/1242/847 918/1246/851 919/1247/852
f 904/1244/849 823/1011/616 912/1248/853
f 905/1237/842 904/1244/849 912/1248/853 913/1249/854
f 906/1238/843 905/1237/842 913/1249/854 914/1250/855
f 907/1239/844 906/1238/843 914/1250/855 915/1251/856
f 908/1240/845 907/1239/844 915/1251/856 916/1252/857
f 909/1241/846 908/1240/845 916/1252/857 917/1245/850
f 914/1250/855 913/1249/854 664/997/602 665/996/601
f 915/1251/856 914/1250/855 665/996/601 666/1000/605
f 916/1252/857 915/1251/856 666/1000/605 667/1002/607
f 917/1245/850 916/1252/857 667/1002/607 668/1004/609
f 918/1246/851 917/1245/850 668/1004/609 669/1006/611
f 919/1247/852 918/1246/851 669/1006/611 670/1008/613
f 912/1248/853 823/1011/616 663/1010/615
f 913/1249/854 912/1248/853 663/1010/615 664/997/602
f 963/1253/858 969/1254/858 964/1255/859 958/1256/860
f 923/1257/861 929/1258/862 930/1259/863 924/1260/864
f 922/1261/865 928/1262/866 929/1258/862 923/1257/861
f 924/1260/864 930/1259/863 931/1263/867 925/1264/868
f 925/1264/868 931/1263/867 932/1265/869 926/1266/870
f 929/1258/862 935/1267/871 936/1268/872 930/1259/863
f 928/1262/866 934/1269/873 935/1267/871 929/1258/862
f 930/1259/863 936/1268/872 937/1270/874 931/1263/867
f 931/1263/867 937/1270/874 938/1271/875 932/1265/869
f 939/1272/858 934/1269/873 928/1262/866 933/1273/858
f 936/1268/872 942/1274/876 943/1275/877 937/1270/874
f 937/1270/874 943/1275/877 944/1276/878 938/1271/875
f 935/1267/871 941/1277/879 942/1274/876 936/1268/872
f 934/1269/873 940/1278/880 941/1277/879 935/1267/871
f 941/1277/879 947/1279/881 948/1280/882 942/1274/876
f 940/1278/880 946/1281/883 947/1279/881 941/1277/879
f 942/1274/876 948/1280/882 949/1282/884 943/1275/877
f 943/1275/877 949/1282/884 950/1283/885 944/1276/878
f 946/1281/883 952/1284/886 953/1285/887 947/1279/881
f 950/1283/885 956/1286/888 962/1287/889 968/1288/890
f 948/1280/882 954/1289/891 955/1290/892 949/1282/884
f 949/1282/884 955/1290/892 956/1286/888 950/1283/885
f 947/1279/881 953/1285/887 954/1289/891 948/1280/882
f 954/1289/891 960/1291/893 961/1292/894 955/1290/892
f 955/1290/892 961/1292/894 962/1287/889 956/1286/888
f 953/1285/887 959/1293/895 960/1291/893 954/1289/891
f 952/1284/886 958/1256/860 959/1293/895 953/1285/887
f 926/1266/870 932/1265/869 938/1271/875
f 959/1293/895 965/1294/896 966/1295/897 960/1291/893
f 922/1261/865 927/1296/858 933/1273/858 928/1262/866
f 958/1256/860 964/1255/859 965/1294/896 959/1293/895
f 938/1271/875 944/1276/878 974/1297/898 926/1266/870
f 960/1291/893 966/1295/897 967/1298/899 961/1292/894
f 964/1255/859 969/1254/858 975/1299/858 970/1300/900
f 961/1292/894 967/1298/899 968/1288/890 962/1287/889
f 922/1261/865 970/1300/900 975/1299/858 927/1296/858
f 964/1255/859 970/1300/900 971/1301/901 965/1294/896
f 939/1272/858 945/1302/858 940/1278/880 934/1269/873
f 944/1276/878 950/1283/885 968/1288/890 974/1297/898
f 966/1295/897 972/1303/902 973/1304/903 967/1298/899
f 940/1278/880 945/1302/858 951/1305/858 946/1281/883
f 967/1298/899 973/1304/903 974/1297/898 968/1288/890
f 952/1284/886 946/1281/883 951/1305/858 957/1306/858
f 965/1294/896 971/1301/901 972/1303/902 966/1295/897
f 958/1256/860 952/1284/886 957/1306/858 963/1253/858
f 973/1304/903 925/1264/868 926/1266/870 974/1297/898
f 971/1301/901 923/1257/861 924/1260/864 972/1303/902
f 970/1300/900 922/1261/865 923/1257/861 971/1301/901
f 972/1303/902 924/1260/864 925/1264/868 973/1304/903
f 1020/1307/904 1015/1308/905 981/1309/906 976/1310/907
f 978/1311/908 983/1312/909 982/1313/910 977/1314/911
f 1002/1315/912 1007/1316/913 990/1317/914 995/1318/915
f 979/1319/916 984/1320/917 983/1312/909 978/1311/908
f 984/1320/917 979/1319/916 994/1321/918 989/1322/919
f 983/1312/909 988/1323/920 987/1324/921 982/1313/910
f 1007/1316/913 1012/1325/922 985/1326/923 990/1317/914
f 984/1320/917 989/1322/919 988/1323/920 983/1312/909
f 1015/1308/905 1010/1327/924 986/1328/925 981/1309/906
f 1012/1325/922 1017/1329/926 980/1330/927 985/1326/923
f 989/1322/919 994/1321/918 993/1331/928 988/1323/920
f 1010/1327/924 1005/1332/929 991/1333/930 986/1328/925
f 979/1319/916 1019/1334/931 999/1335/932 994/1321/918
f 988/1323/920 993/1331/928 992/1336/933 987/1324/921
f 1005/1332/929 1000/1337/934 996/1338/935 991/1333/930
f 1014/1339/936 1004/1340/937 999/1335/932 1019/1334/931
f 993/1331/928 998/1341/938 997/1342/939 992/1336/933
f 1017/1329/926 977/1314/911 1020/1307/904 980/1330/927
f 994/1321/918 999/1335/932 998/1341/938 993/1331/928
f 998/1341/938 1003/1343/940 1002/1315/912 997/1342/939
f 999/1335/932 1004/1340/937 1003/1343/940 998/1341/938
f 1000/1337/934 995/1318/915 1001/1344/941 996/1338/935
f 1004/1340/937 1009/1345/942 1008/1346/943 1003/1343/940
f 995/1318/915 990/1317/914 1006/1347/944 1001/1344/941
f 1003/1343/940 1008/1346/943 1007/1316/913 1002/1315/912
f 990/1317/914 985/1326/923 1011/1348/945 1006/1347/944
f 1008/1346/943 1013/1349/946 1012/1325/922 1007/1316/913
f 1009/1345/942 1014/1339/936 1013/1349/946 1008/1346/943
f 1013/1349/946 1018/1350/947 1017/1329/926 1012/1325/922
f 1014/1339/936 1019/1334/931 1018/1350/947 1013/1349/946
f 985/1326/923 980/1330/927 1016/1351/948 1011/1348/945
f 1019/1334/931 979/1319/916 978/1311/908 1018/1350/947
f 980/1330/927 1020/1307/904 976/1310/907 1016/1351/948
f 1018/1350/947 978/1311/908 977/1314/911 1017/1329/926
f 997/1342/939 1002/1315/912 995/1318/915 1000/1337/934
f 992/1336/933 997/1342/939 1000/1337/934 1005/1332/929
f 987/1324/921 992/1336/933 1005/1332/929 1010/1327/924
f 982/1313/910 987/1324/921 1010/1327/924 1015/1308/905
f 977/1314/911 982/1313/910 1015/1308/905 1020/1307/904
f 1004/1340/937 1014/1339/936 1009/1345/942
l 921 920
